filename,extracted_text,Invoice number,Date,Total Amount,Vendor
Template5_Instance102.jpg,"Date: 25-Jul-2016
Invoice number 1Y3M5d-291

 

 

 

 

 

 

PO Number :01

Bill to:Hunter White

‘580 Johns Trafficway Apt. 099

Lake Elizabethfort, CA 70291 US

Tel:+(383)777-6857

Email:robbinsjoseph@example.net

Site:http://www.jackson-roberts.com/
‘ty © Description Unitprice | Amount
3.00 427900__| Nor campaign. 66.31 198598
5.00 492288 | Care require. 99.14 495.70
6.00 ‘377740 | Nor past. 7453 447.18

 

 

 

 

 

 

‘SUB_TOTAL : 1141.81 EUR
TAX:VAT (6.32%): 72.16 EUR
BALANCE DUE : 1183.48 EUR

Total in words: one thousand, one hundred and-
ighty-three point four eight

 

Note: All payments to be made in cash.
Contact us for queries on these quotations.

 

Address:233 Foster Gardens
Johnburgh, ID 41900 US

Bailey Group
Email:paul73@example.com
",1Y3M5d-291,25-Jul-16,1183.48,Bailey Group
Template5_Instance10.jpg,"Date: 04-Aug-2020
INVOICE # 6Y5M64-746
PO Number :19

 

Buyer :Patrick Rodriguez
9566 Vasquez Inlet

North Erica, IN 28285 US
Tol:+(432)188-1728
Email:ydavis@exampk
Site:http://stevens.com/

 

 

ay 0 Description Unitprice | Amount

 

5.00 '876422__| Detense member ball 83.53 417.65

 

 

 

 

 

 

 

6.00 765800 | Woerainly. 2288 136.08)

 

‘SUB_TOTAL : 563.73 USD
TAX:VAT (4.49%): 24.86 USD
BALANCE DUE : 564.97 USD
Total in words: five hundred and
four point nine seven

 

‘Thank you for choosing us!

Address:233 Foster Gardens

Johnburgh, ID 41900 US

Bailey Group
Email:paul73@example.com
",6Y5M64-746,04-Aug-20,564.97,Bailey Group
Template5_Instance100.jpg,"Invoice Date: 04-Oct-2022
Invoice number INV94037759
PO Number :25

 

Buyer :Daniel Pierce
78347 Schultz Island

Buckfort, MD 18498 US.
Tel:+(369)437-5540
Email:howellsharon@example.com
Site:httpsi//kelley.com/

 

 

‘ay © Description Unitprice | Amount

 

3.00 (001963 __| Record alone. 13.39 407,

 

 

1.00) 474179 | Drive continue ready 16.82 16.82

 

 

 

 

 

 

‘SUB_TOTAL : 56.99 $
TAXVAT (3.13%): 1.78 $
BALANCE DUE : 56.86 $

Total in words: fifty-six po-
int eight six

Note:
This order is shipped through blue dart courier

Address:233 Foster Gardens
Johnburgh, ID 41900 US

Bailey Group
Email:paul73@example.com
",INV94037759,04-Oct-22,56.86,Bailey Group
Template5_Instance1.jpg,"Invoice Date: 13-Apr-2008
INVOICE ID 6553-163
PO Number :96

 

Buyer :Paul Brown
17969 Pratt Bypass Apt. 628
Markmouth, OR 78073 US
Tel:4(113)594-1668
Email:morankarla@example.com
Site:http:lIharvey-fuller.org/

 

 

‘ay © Description Unitprice | Amount

 

6.00 364655 | Activity he. 4.09) 564 54

 

 

 

 

 

 

 

100) 952382 | Lay course 51.30 51.30

 

SUB_TOTAL : 615.84 $
TAX:VAT (4.15%): 25.54 $
BALANCE DUE : 630.17 $

Total in words: six hundred and thi-
‘ty point one seven

 

Note: All payments to be made in cash.
Contact us for queries on these quotations.

 

Address:233 Foster Gardens
Johnburgh, ID 41900 US

Bailey Group
Email:paul73@example.com
",6553-163,13-Apr-08,630.17,Bailey Group
Template5_Instance103.jpg,"Invoice Date: 09-Sep-2003

Invoice number INV/80-18/089
PO Number 95

 

Buyer :Steve Yang

28881 Nathaniel Squares Apt. 623
Tuckerburgh, AK 41164 US
Tel:+(989)868-6209
Email:elizabeth08@example.net
Site:http:/ismith-mebride.com/

 

 

 

 

 

 

ary © Description Unitprice | Amount
3.00 287493 __| Difference story 153, 188559
3.00 750400 | Subject county. 17.62 52.86
5.00 7298075 _| Person customer child 125 625

 

 

 

 

 

 

‘SUB_TOTAL : 243.70 USD
TAX:VAT (4.90%): 11.93 USD
BALANCE DUE : 248.05 USD

Total in words: two hundred and forty-
-eight point zero five

Note:
This order is shipped through blue dart courier

Address:233 Foster Gardens
Johnburgh, ID 41900 US

Bailey Group
Email:paul73@example.com
",INV/80-18/089,09-Sep-03,248.05,Bailey Group
Template5_Instance0.jpg,"Date: 18-Jan-1999
INVOICE ID 5Y3M7d-590

 

 

 

 

 

 

 

PO Number :84

Bill to:Robyn Johnson

233 Foster Gardens

Johnburgh, 1D 41900 US

Tel:+(108)863-6905

Email:paul73@example.com

Site:http:/iwww jones.biz!
ay [0 Description Unitpriee [Amount
400 | s72572 | Speok cata. 588 23.48
00 | 050587 | Apply student ard 35.87 57522
3.00 | 490537 | Economy peopl. 284 2952
7.00 [477174 | Human suggest veo W027 3027

 

 

 

 

 

 

‘SUB_TOTAL : 677.45 USD
TAX:VAT (3.49%): 23.66 USD
BALANCE DUE : 677.33 USD

Total in words: six hundred and seventy-
-seven point three three

 

‘Thank you for your business!

Address:233 Foster Gardens
Johnburgh, ID 41900 US

Bailey Group
Email:paul73@example.com
",5Y3M7d-590,18-Jan-99,677.33,Bailey Group
Template5_Instance101.jpg,"Invoice Date: 27-Jan-2009
Invoice number SY2M74-545
PO Number 62

 

Bill to:Sean Nichols
35450 Brooke Freeway Suite 786
Jacksonchester, FM 62786 US
Tel:+(821)255-7277
Email:christopherlamb@example.org
Site:http://proctor.info!

 

ay © Description Unitprice | Amount

 

100) 962924 | Ten create 5471 5471

 

 

 

 

 

 

 

4.00 201569 __| Strategy because total 2228 e912

 

‘SUB_TOTAL : 143.83 USD
TAX:VAT (6.63%): 9.53 USD
BALANCE DUE : 151.09 USD
Total in words: one hundred and fift-
y-one point zero nine

Note:Total payment due in 14 days.

Address:233 Foster Gardens

Johnburgh, ID 41900 US

Bailey Group
Email:paul73@example.com
",SY2M74-545,27-Jan-09,151.09,Bailey Group
Template5_Instance114.jpg,"Date: 09-Mar-2020
INVOICE # INV/88-12/170

 

 

 

 

 

 

 

 

PO Number :87

Bill to:Amanda Horton

0524 Rhonda Villages

‘South Bradleyview, LA 88315 US

Tel:+(779)817-4007

Email:brewerrichard@example.net

Site:httpsi//carter.com/
ty 10 Description Unitprice | Amount
4.00 1296180 | Sport close garden 18.43 7372,
6.00 208575 | For data pass. 6808 408.48
6.00 ‘920104 | Table particular waar, 386.82
4.00 2e7134 | Modern rich 4459) 178.36,

 

 

 

 

 

 

‘SUB_TOTAL : 1047.38 EUR

TAX:VAT (6.40%): 66.99 EUR

BALANCE DUE : 1076.77 EUR

Total in words: one thousand and sevent-
y-six point seven seven

‘Thank you for your business!

Address:233 Foster Gardens
Johnburgh, ID 41900 US

Bailey Group
Email:paul73@example.com
",INV/88-12/170,09-Mar-20,1076.77,Bailey Group
Template5_Instance106.jpg," 

 

 

 

Date: 25-Dec-1997
Invoice number 3823-367

 

 

 

 

 

 

 

 

 

 

 

PO Number :87
Jenniferstad, MN 19295 US.
Tel:+(431)330-7998
Email:loriwoodward@example.com
Site:https://rodriguez.com/
ty 10 Description Unitprice | Amount
2.00 22841 | Plant discover firm, 4495) 3990
5.00 (968130___| Tw per sing 178 458.90
6.00 1650204 | Window happy. 6543) 398.58
100) 482304 | Guy build parent 788 788
‘SUB_TOTAL : 1035.24 EUR
TAX:VAT (5.68%): 58.83 EUR
BALANCE DUE : 1042.62 EUR
Total in words: one thousand and for-
ty-two point six two
Note:

This order is shipped through blue dart courier

Bailey Group

Address:233 Foster Gardens
Johnburgh, ID 41900 US

Email:paul73@example.com
",3823-367,25-Dec-97,1042.62,Bailey Group
Template5_Instance116.jpg,"Date: 23-Oct-1997
INVOICE # 5Y8M5d-143,
PO Number :16

 

Buyer Joseph Klein
0557 Norman Alley Suite 225
Lake Rachel, PR 13216 US
Tel:+(203)196-4600
Email:yjohnson@example.org
Site:http:/iwww.guerrero.com!

 

aty 0 Description Unitprice | Amount

 

4.00 7266438__| Spend relate describe, 920 36.80

 

 

 

 

 

 

 

3.00 369508 | Anyone image memory. 39.70 119.10,

 

‘SUB_TOTAL : 155.90 EUR
TAXVAT (3.75%): 5.85 EUR
BALANCE DUE : 159.01 EUR
Total in words: one hundred and fift-
y-nine point zero one

Note:
This order is shipped through blue dart courier

Address:233 Foster Gardens
Johnburgh, ID 41900 US

Bailey Group
Email:paul73@example.com
",5Y8M5d-143,23-Oct-97,159.01,Bailey Group
Template5_Instance115.jpg,"Invoice Date: 16-Jul-2017
Invoice number INV41733760

 

 

 

 

 

 

 

 

PO Number :14

Bill to:Amanda Thompson

‘94449 Danielle Pass Apt. 303

Gordontown, TX 63220 US

Tol:+(331)224-9612

Email:geraldwilliams@example.org

Site:https://velasquez.com!
ty 10 Description Unitprice | Amount
2.00 (098361 | Note table guess, 33.69 6738
2.00 738424 | Truth hen improve 35.90 7180)
3.00 705089 __| Visit move machine, 7074 212.22
4.00 729308 | Half week since. 02 368.08

 

 

 

 

 

 

SUB_TOTAL: 719.48 EUR
TAX:VAT (6.33%): 45.57 EUR
BALANCE DUE : 752.03 EUR

Total in words: seven hundred and fift-
y-two point zero three

Note: All payments to be made in cash.
Contact us for queries on these quotations.

 

Address:233 Foster Gardens
Johnburgh, ID 41900 US

Bailey Group
Email:paul73@example.com
",INV41733760,16-Jul-17,752.03,Bailey Group
Template5_Instance112.jpg,"Invoice Date: 25-Jun-2013
INVOICE ID INV37855279

 

 

 

 

 

 

 

PO Number :05

Bill t:Bradley Estrada

427 Susan Passage Suite 449

Port Markport, ID 58301 US

Tel:+(554)117-9849

Email:whitokim@example.com

Site:http:/isimon info!
ayo Description Unitpriee [Amount
200 [649561 | Serve near ranca 1851 ar02
3.00 | 688324 | Hour real international e758 20282
500 [580001 | beat prove 38.23 a5

 

 

 

 

 

 

‘SUB_TOTAL : 680.79 $
TAX:VAT (4.14%): 28.16 $
BALANCE DUE : 701.87 $

Total in words: seven hundred and o-
ne point eight seven

Note:Total payment due in 14 days.

Address:233 Foster Gardens
Johnburgh, ID 41900 US

Bailey Group
Email:paul73@example.com
",INV37855279,25-Jun-13,701.87,Bailey Group
Template5_Instance105.jpg,"Invoice Date: 30-Jul-2016
INVOICE # INV/83-99/129

 

   

 

 

 

 

 

 

PO Number :36

Bill to:Nicole Smith

273 Kyle Manor

Lewisport, AZ 84916 US

Tel:+(207)653-3187

Email:louis28@examp!

Site:http:anderson.net/
ty 10 Description Unitprice | Amount
4.00 96464 | with others 67.16 268.64
2.00 (030474 | Summer operation adult 37.38 7488
5.00 ears04 | Suggest 19.20 96.00)
6.00 427936 | Economy personal find 7255, 435.30

 

 

 

 

 

 

‘SUB_TOTAL : 874,60 USD
TAX:VAT (5.52%): 48.31 USD
BALANCE DUE : 905.33 USD

Total in words: nine hundred and fi-
ve point three three

 

Note: All payments to be made in cash.
Contact us for queries on these quotations.

Address:233 Foster Gardens
Johnburgh, ID 41900 US

Bailey Group
Email:paul73@example.com
",INV/83-99/129,30-Jul-16,905.33,Bailey Group
Template5_Instance119.jpg,"Date: 05-Feb-1994
INVOICE # INV/07-56/604

 

 

 

 

 

 

 

PO Number :67

Bill to:Sydney Gaines

‘8206 John Branch Apt. 962

Brittanyville, ND 13806 US.

Tel:+(492)229-3181

Email:emcintosh@example.com

Site:http:/iwww.wood.com/
ary © Description Unitprice | Amount
5.00 7298569 Foreign standard 395, 31975
6.00 052284 | Growth sift a7 2826
2.00 354549 __| Hard tend now. 4071 ata

 

 

 

 

 

 

‘SUB_TOTAL : 429.43 EUR
TAX:VAT (3.35%): 14.40 EUR
BALANCE DUE : 437.39 EUR

Total in words: four hundred and thirty-
-seven point three nine

‘Thank you for choosing us!

Address:233 Foster Gardens
Johnburgh, ID 41900 US

Bailey Group
Email:paul73@example.com
",INV/07-56/604,05-Feb-94,437.39,Bailey Group
Template5_Instance12.jpg,"Invoice Date: 15-May-2004
INVOICE # 8Y2M84-379
PO Number :62

 

Bill to:Samantha Hinton
{844 Glover Fall

East Brian, Mi 15028 US
Tol:+(738)148-2731
Email:vcalhoun@example.org
Site:https://www.gonzalez-spencer.org/

 

aty © Description Unitprice | Amount

 

4.00 665402 __| The horse 74.97 290.88

 

 

 

 

 

 

 

5.00 1697469 | Late wat evering economy, 2593, 129.65,

 

‘SUB_TOTAL : 429.53 EUR
TAX:VAT (6.82%): 29.28 EUR
BALANCE DUE : 448.59 EUR

Total in words: four hundred and forty-
-eight point five nine

 

Note: All payments to be made in cash.
Contact us for queries on these quotations.

Address:233 Foster Gardens
Johnburgh, ID 41900 US

Bailey Group
Email:paul73@example.com
",8Y2M84-379,15-May-04,448.59,Bailey Group
Template5_Instance120.jpg,"Date: 22-Oct-1998
INVOICE ID 3Y3M3d-205

 

 

   

 

 

 

 

 

 

PO Number 34

Bill to:Jennifer Scott

Inlet

Vi-24208 US.
Tol:+(872)422-4203
Email:mglenn@example.net
Site:https://www.howard-watkins.com/
ty 10 Description Unitprice | Amount
5.00 ‘529168 | Appear sor describe, 4583, 229.15.
2.00 122035 | Music player. 4581 9182,
4.00 936678__| Fire ok patorn 4626 185.08
3.00 415803 | Suggest in. 2365 187.08,

 

 

 

 

 

 

‘SUB_TOTAL : 692.89 $
TAX:VAT (4.44%): 30.76 $

BALANCE DUE : 698.01 $

Total in words: six hundred and ninet-
y-eight point zero one

Note:
This order is shipped through blue dart courier

Address:233 Foster Gardens
Johnburgh, ID 41900 US

Bailey Group
Email:paul73@example.com
",3Y3M3d-205,22-Oct-98,698.01,Bailey Group
Template5_Instance110.jpg,"Invoice Date: 20-Jan-2017
INVOICE # INV/67-71/814
PO Number :17

 

Bill o:Hector Brown
70649 Stanley Plains
Deckertown, NJ 30473 US
Tel:4(249)141-5617
Email:cruzleslie@example.com
Site:https:ifcollins-berry.com!

 

ay © Description Unitprice | Amount

 

100) 719127 | Meeting population 4939 4939

 

 

6.00 (67273 | List above, 31.18 187.08)

 

 

 

 

 

 

‘SUB_TOTAL : 236.47 EUR
TAX:VAT (4.58%): 10.84 EUR
BALANCE DUE : 241.82 EUR
Total in words: two hundred and fort-
y-one point eight two

Note:
This order is shipped through blue dart courier

Address:233 Foster Gardens
Johnburgh, ID 41900 US

Bailey Group
Email:paul73@example.com
",INV/67-71/814,20-Jan-17,241.82,Bailey Group
Template5_Instance109.jpg,"Date: 08-Nov-2008
INVOICE # 8Y9M2d-586
PO Number :18

 

Buyer :Amanda Smith
216 Tracy Extensions Apt. 357
Jacksonton, VT 38328 US
Tel:+(434)261-8803
Email:lisabowen@example.com
Site:https://www.david.com!

 

‘ay 0 Description Unitprice | Amount

 

3.00 2oraa2 | Across near 371 11.13

 

 

 

 

 

 

 

6.00 ‘958149 | Appear son 3822 22032

 

‘SUB_TOTAL : 240.45 USD
TAXVAT (5.37%): 12.90 USD
BALANCE DUE : 243.73 USD

Total in words: two hundred and forty-
three point seven three

 

Note:
This order is shipped through blue dart courier

Address:233 Foster Gardens
Johnburgh, ID 41900 US

Bailey Group
Email:paul73@example.com
",8Y9M2d-586,08-Nov-08,243.73,Bailey Group
Template5_Instance108.jpg,"Date: 19-Apr-2020
INVOICE ID INV/55-79/951

 

 

 

 

 

 

 

 

 

 

PO Number :91

Bill to:Jason Hurst

163567 Janice Trace Apt. 298

West Michaelbury, GA 26918 US

Tel:+(773)807-3019

Email:hthomas@example.org

Site:https://ramirez.com/
ty 10 Description Unitprice [Amount
1.00) 1576324 _| Later abe ether wrong. 23.11 23.41
4.00 304505 | Stand expect. 45.64 182.56)
3.00 1532003, __| Particularly area 295 248.85
6.00 1586735 | Couple open population 476 2856
4.00 1866522 | Process participant paper 70.44 28176

 

 

 

 

 

 

‘SUB_TOTAL : 764.84 USD
TAXVAT (6.24%): 32.44 USD
BALANCE DUE : 762.86 USD

Total in words: seven hundred and six-
ty-two point eight six

Note:
This order is shipped through blue dart courier

Address:233 Foster Gardens
Johnburgh, ID 41900 US

Bailey Group
Email:paul73@example.com
",INV/55-79/951,19-Apr-20,762.86,Bailey Group
Template5_Instance104.jpg,"Invoice Date: 24-Jul-1995
INVOICE ID 9¥6M4d-601

 

 

 

 

 

 

 

 

PO Number 59
Buyer :Kristina Wyatt

3064 Jennifer Vista

Vietorbury, CO 45641 US

Tel:+(920)822-2490

Email:traceywoods@example.org

Site:https:ljohnson.com/

ay [0 Description Unitpriee [Amount
re ae 63.20 253.16
300 | 457365 | Twxtcnen 1208 3624
2.00 | 978185 | Despite pice four 30:6 73.32
400 | 262055 | wor white 287 707-08
1.00] 975800 | Young memory against 5037 35022

 

 

 

 

 

 

‘SUB_TOTAL : 825.02 $
TAX:VAT (4.17%): 34.39 $
BALANCE DUE : 818.98 $

Total in words: eight hundred and eig-
heen point nine eight

 

Note:
This order is shipped through blue dart courier

Address:233 Foster Gardens
Johnburgh, ID 41900 US

Bailey Group
Email:paul73@example.com
",9¥6M4d-601,24-Jul-95,818.98,Bailey Group
Template5_Instance113.jpg,"Date: 07-Mar-2008

Invoice number INVI96-86/692
PO Number :55

 

Buyer :Matthew Cervantes
615 Dixon Hollow

North Carrie, RI 61246 US.
Tel:+(547)577-5081
Email:thomas70@example.net
Site:http:/Iwww.flores.com!

 

 

 

 

 

ary © Description Unitprice | Amount
6.00 040087 | On culture. 7461 487.68
3.00 7250648 | lseif account whose. 3 6593,
3.00 7243405 | Eat someone 28.11 264.33,

 

 

 

 

 

 

SUB_TOTAL : 78.92 USD
TAX:VAT (6.00%): 46.76 USD
BALANCE DUE : 816.02 USD

Total in words: eight hundred and si-
xteen point zero two

‘Thank you for choosing us!

Address:233 Foster Gardens
Johnburgh, ID 41900 US

Bailey Group
Email:paul73@example.com
",INVI96-86/692,07-Mar-08,816.02,Bailey Group
Template5_Instance111.jpg,"Invoice Date: 27-Dec-2019
INVOICE # INV/31-33/016
PO Number 82

 

Buyer :Valerie Jones
037 Christopher Extension

Lake Toddburgh, NY 71553 US
Tel:+(565)173-0448
Email:colemanpaul@example.org
Site:https:iljones.com/

 

ay © Description Unitprice | Amount

 

5.00 21563 | Around wish bea. 4.55 2275,

 

 

 

 

 

 

 

6.00 121769 | Assume collection toward sraeay. e429 385.74

 

SUB_TOTAL : 408.49 EUR
TAX:VAT (4.48%): 18.28 EUR
BALANCE DUE : 421.21 EUR
Total in words: four hundred and twe-
nty-one point two one

 

Note: All payments to be made in cash.
Contact us for queries on these quotations.

Address:233 Foster Gardens
Johnburgh, ID 41900 US

Bailey Group
Email:paul73@example.com
",INV/31-33/016,27-Dec-19,421.21,Bailey Group
Template5_Instance11.jpg,"Invoice Date: 26-Apr-2005
INVOICE # 9Y8M6d-036

 

 

 

 

 

 

 

PO Number :47

Bill to:Erica Jordan

9592 Higgins Via

New Kaylamouth, GU 43383 US

Tol:+(139)348-1623,

Email:emilyperez@example.org

Site:https://cantu-montgomery.com/
ary 0 Description Unitprice | Amount
3.00 057371 | Us strategy. 50.59 15177
100) 443853___| Candidate inside wath himset 788i 7881
2.00 ‘322821 | Heartike 4508 90:16

 

 

 

 

 

 

SUB_TOTAL : 320.74 EUR
TAX:VAT (3.85%): 12.35 EUR
BALANCE DUE : 318.40 EUR
Total in words: three hundred and -
ighteen point four

 

Note:Total payment due in 14 days.

Address:233 Foster Gardens
Johnburgh, ID 41900 US

Bailey Group
Email:paul73@example.com
",9Y8M6d-036,26-Apr-05,318.4,Bailey Group
Template5_Instance118.jpg,"Date: 07-Nov-1997
Invoice number 2079-868

 

 

 

 

 

 

 

 

PO Number :42

Bill to:Penny Clark

743 Michael Spring

Nicolemouth, Hi 20842 US

Tel:+(762)445-6509

Email:annjacobs@example.net

Site:https://marshall.com/
ty 10 Description Unitprice | Amount
5.00 823013 __| Fish activity. 17.34 8670
5.00 480870 __| Heavy door por e061 908.05
5.00 116888 | Police. 25.11 42555
2.00 1638568__| Number rouble Rimset 71.64 143.28
2.00 1579250 | Team outside series. aia 126.24

 

 

 

 

 

 

‘SUB_TOTAL : 1084.82 §
TAX:VAT (4.36%): 47.31 $
BALANCE DUE : 1112.39 $

Total in words: one thousand, one hundred -
and twelve point three nine

Note: All payments to be made in cash.
Contact us for queries on these quotations.

 

Address:233 Foster Gardens
Johnburgh, ID 41900 US

Bailey Group
Email:paul73@example.com
",2079-868,07-Nov-97,1112.39,Bailey Group
Template5_Instance117.jpg,"Invoice Date: 15-Nov-2013
INVOICE ID 6598-797

 

 

 

 

 

 

 

 

PO Number :21

Bill to:Jennifer Hall

09325 Gloria Mount Apt. 343

Rojasstad, WA 14443 US.

Tel:+(177)701-3152

Email:jonathonsanchez@example.com

Site:https://richmond.com/
‘ay 0 Description Unitprice | Amount
4.00 468538 | Guess other news: 2973 116.92
6.00 (008340 | Research option society 562 33.72
4.00 134449 | Edge both card 2907, 11628
6.00 318354 | Soniastrate 3329 499.74

 

 

 

 

 

 

‘SUB_TOTAL : 768.66 EUR
TAX:VAT (5.36%): 41.19 EUR
BALANCE DUE : 796.32 EUR

Total in words: seven hundred and ni
ty-six point three two

 

Note:Total payment due in 14 days.

Address:233 Foster Gardens
Johnburgh, ID 41900 US

Bailey Group
Email:paul73@example.com
",6598-797,15-Nov-13,796.32,Bailey Group
Template5_Instance107.jpg,"Invoice Date: 17-Feb-1998
Invoice number 3Y7M74-728

 

 

 

 

 

 

 

PO Number :25

Bill to:Colton Santiago

162264 Anita Throughway

New Johnchester, OR 97583 US.

Tel:+(709)980-2200

Email:burkematthew@example.com

Site:http:/icarson.com!
ary © Description Unitprice | Amount
1.00) 1586237 __| Son senior since 4798 4798
1100) '953553,___| Her wish before pattern 25.64 95.64
6.00 091749 | Cut green 5461 327.66

 

 

 

 

 

 

SUB_TOTAL : 471.28 EUR
TAX:VAT (6.29%): 20.21 EUR
BALANCE DUE : 473.44 EUR

Total in words: four hundred and sevent-
y-three point four four

‘Thank you for choosing us!

Address:233 Foster Gardens
Johnburgh, ID 41900 US

Bailey Group
Email:paul73@example.com
",3Y7M74-728,17-Feb-98,473.44,Bailey Group
Template5_Instance135.jpg,"Invoice Date: 05-Aug-2007
INVOICE ID 8184-718

 

 

 

 

 

 

 

PO Number 94

Bill to:Terri Smith

756 David Rapid

Webbmouth, TX 79946 US

Tel:4(556)532-3259

Email:amy78@example.org

Site:https:ifeastillo.org!
ay [0 Description Unitpriee [Amount
2.00___| 243401 | Range whether matoah, 5591 10782
1.00 | 288172 | Couple front postion hat. 72.96 72.96
6.00 | 252353 | leave nto 6320 37920
300___| 885199 | Hai company 31.65 244.95

 

 

 

 

 

 

‘SUB_TOTAL : 804.93 EUR
TAX:VAT (3.78%): 30.42 EUR
BALANCE DUE : 803.07 EUR

Total in words: eight hundred and th-
ree point zero seven

 

Note: All payments to be made in cash.
Contact us for queries on these quotations.

 

Address:233 Foster Gardens
Johnburgh, ID 41900 US

Bailey Group
Email:paul73@example.com
",8184-718,05-Aug-07,803.07,Bailey Group
Template5_Instance134.jpg,"Date: 18-Mar-2004
Invoice number 8648-102

 

 

 

 

 

 

 

 

PO Number :33

Bill to:Phyllis Bradley

235 Ronald Place

Leeburgh, NE 13159 US

Tel:+(035)919-6584

Email:stephanie42@example.net

Site:http:/iwww.russell.biz!
ay 10 Description Unitprice [Amount
6.00 1565009, Include trom 14.74 ead
6.00 954274 | Each often we 36.47 21882
5.00 313985 | Phone soldier member professional 7504 37520
3.00 768311 | Within may poles e284 188.52
2.00 47245 | Simple son 1149 2298

 

 

 

 

 

 

‘SUB_TOTAL : 893.96 $
TAXVAT (3.67%): 32.77 $
BALANCE DUE : 916.18 $

Total in words: nine hundred and six-
teen point one eight

 

Note:
This order is shipped through blue dart courier

Address:233 Foster Gardens
Johnburgh, ID 41900 US

Bailey Group
Email:paul73@example.com
",8648-102,18-Mar-04,916.18,Bailey Group
Template5_Instance133.jpg,"Invoice Date: 13-Oct-1995
INVOICE # INV63974312

 

 

 

 

 

 

 

 

PO Number 56

Buyer :Clifford Lee

{6685 Wright Street

West Katieburgh, AZ 55826 US

Tel:4(925)156-3047

Email:wtucker@example.com

Sitezhttps://klein-reynolds.org)
ay [0 Description Unitpriee [Amount
3.00__| 643909 | Career dently 3007 9021
3.00 | 156418 | Service trough ono 5427 162381
“400 | 008285 | Lear thousand election recor sat 208.44
6.00 | 20538 | Radio early pass 599 3594
500 | 26978 | Morin enoy easy e282 314.10

 

 

 

 

 

 

‘SUB_TOTAL : 807.50 EUR
TAX:VAT (3.36%): 27.16 EUR
BALANCE DUE : 825.37 EUR

Total in words: eight hundred and twent-
y-five point three seven

 

 

‘Thank you for choosing us!

Address:233 Foster Gardens
Johnburgh, ID 41900 US

Bailey Group
Email:paul73@example.com
",INV63974312,13-Oct-95,825.37,Bailey Group
Template5_Instance129.jpg,"Date: 08-Jan-2000
Invoice number INV/22-46/531

 

 

 

 

 

 

 

 

PO Number :45

Buyer Michael Li

'51924 Maxwell Path Suite 003

‘South Garyborough, PR 73007 US

Tel:4(277)005-5030

Email:graceperry@example.net

Site:http:/iwww.turner.com!
ay [0 Description Unitprice [Amount
3.00__| 290182 | Hundred ators 5224 196.72
7100 | 280762 | Choice behavior population hese 508 608
3.00 | 944380 | Machine memory Keep 5567 334002
“100 | 474259 __| Maybe American relationship oftes 4545 45.45
7-00 [527207 | Shake tg each 2148 2148

 

 

 

 

 

 

‘SUB_TOTAL : 569.45 $
TAX:VAT (3.04%): 17.32 $
BALANCE DUE : 573.73 $

Total in words: five hundred and seventy-
-three point seven three

Note:Total payment due in 14 days.

Address:233 Foster Gardens
Johnburgh, ID 41900 US

Bailey Group
Email:paul73@example.com
",INV/22-46/531,08-Jan-00,573.73,Bailey Group
Template5_Instance126.jpg,"Date: 09-May-1999
INVOICE ID 2480-849

 

 

 

 

 

 

 

PO Number :20

Bill to:Evelyn Harrington

18868 Gomez Locks

Bryantland, PW 87817 US.

Tel:+(095)113-6958

Email:jamesflores@example.com

Site:https://perkins-shea.com!
ary © Description Unitprice | Amount
1.00) (01967 __| Finally beat debate, 148 148
3.00 60710 __| Take ana. 18 245A
2.00 763951 | Serious head mother. e121 182.42

 

 

 

 

 

 

‘SUB_TOTAL : 288.44 EUR
TAXVAT (3.44%): 9.93 EUR
BALANCE DUE : 290.58 EUR
Total in words: two hundred and nin-
ety point five eight

Note:Total payment due in 14 days.

Address:233 Foster Gardens
Johnburgh, ID 41900 US

Bailey Group
Email:paul73@example.com
",2480-849,09-May-99,290.58,Bailey Group
Template5_Instance121.jpg,"Date: 16-Jun-2008
Invoice number INV13393333

 

 

 

 

 

 

PO Number :46

Bill to:Elizabeth Owens

63126 Jennifer Grove

Hatfieldfurt, UT 69385 US

Tel:+(311)130-0087

Email:christensengina@example.org

Site:https:/lwwwjohnson.com/
ayo Description Unitpriee [Amount
5.00 | 451612 | Agree teach smi program 29.60 44800
300] 95922 | May parent posse. 640 1920
00] 0seses | Travel be 50.8 20172

 

 

 

 

 

 

‘SUB_TOTAL : 668.92 USD
TAXVAT (6.22%): 28.26 USD
BALANCE DUE : 685.94 USD

Total in words: six hundred and eight-
y-five point nine four

 

‘Thank you for choosing us!

Address:233 Foster Gardens
Johnburgh, ID 41900 US

Bailey Group
Email:paul73@example.com
",INV13393333,16-Jun-08,685.94,Bailey Group
Template5_Instance122.jpg,"Date: 01-Jan-2022
INVOICE ID 7466-779

 

 

 

 

 

 

 

PO Number :47

Bill to:Lauren Barnes

948 Christopher Inlet

South Adam, NE 11122 US

Tel:+(849)080-4086

Email:patricia26@example.net

Site:http:/Iproctor.com!
ay [0 Description Unitpriee [Amount
2.00 | #42160 | mage investment 48.80 97.60
600 | 747329 | Fina once 535 32.10
6.00__| 284352 | Usten answor 7889 473.34
5.00] 17167 | Atenton there schoo! 79585 308.25

 

 

 

 

 

 

SUB_TOTAL : 1001.29 §
TAXVAT (6.27%): 62.74 $
BALANCE DUE : 1021.38 $

Total in words: one thousand and twent-
y-one point three eight

 

‘Thank you for choosing us!

Address:233 Foster Gardens
Johnburgh, ID 41900 US

Bailey Group
Email:paul73@example.com
",7466-779,01-Jan-22,1021.38,Bailey Group
Template5_Instance123.jpg,"Date: 02-Nov-2014

Invoice number INV/23-40/185
PO Number :29

 

Buyer :Timothy Martinez

720 Gina Fords Suite 724
Carolynchester, NM 99166 US
Tel:+(138)447-3882
Email:haroldlee@example.com
Site:http://reyes-beasley.net!

 

 

 

 

 

 

 

ty 10 Description Unitprice | Amount
5.00 (068964 | Both store 43.11 215555
4.00 275255 | Docior food trough. 770) 390.80
3.00 ‘960070 | Pay top. 5771 173.13,
100) 340360 | iy including 59.04 59.84

 

 

 

 

 

 

‘SUB_TOTAL : 838.92 $
TAX:VAT (6.53%): 54.81 $
BALANCE DUE : 877.54 $

Total in words: eight hundred and seven-
ty-seven point five four

 

‘Thank you for choosing us!

Address:233 Foster Gardens
Johnburgh, ID 41900 US

Bailey Group
Email:paul73@example.com
",INV/23-40/185,02-Nov-14,877.54,Bailey Group
Template5_Instance125.jpg,"Invoice Date: 30-Dec-2001
INVOICE # 0261-996

 

 

 

 

 

 

 

PO Number 23

Bill to:Stephanie Mullen

277 Ayers Terrace

West Kelly, GU 01514 US

Tel:+(663)566-4420

Email:dmitchell@example.com

Site:https://www.pena.biz!
ary © Description Unitprice | Amount
1.00) 787S33__| Parent air care qualty 4524 4521
3.00 761007 __| Live cary eas. oat 0.33
6.00 1545406 | Decision figure county. 30.58 183.36)

 

 

 

 

 

 

SUB_TOTAL : 228.90 EUR
TAX:VAT (5.69%): 13.02 EUR
BALANCE DUE : 232.24 EUR

Total in words: two hundred and thir-
ty-two point two four

‘Thank you for choosing us!

Address:233 Foster Gardens
Johnburgh, ID 41900 US

Bailey Group
Email:paul73@example.com
",0261-996,30-Dec-01,232.24,Bailey Group
Template5_Instance128.jpg,"Invoice Date: 15-Apr-2007
INVOICE # 6Y9M90-097

  

 

 

 

 

 

PO Number 34

Buyer :Dennis Reed

‘53321 Diana Path Suite 266

West Carlosburgh, DC 95623 US

Tel:+(441)755-8859

Email:jonesnicole@example.com

Site:http:/lestrada.org/
ary © Description Unitprice | Amount
5.00 1658852 __| Trouble ncuaing, 40.5 202.80
100) 719012 __| Despite want 15.38 15.38
4.00 758355 | Anather Kitchen laugh. 50.12 200.48

 

 

 

 

 

 

SUB_TOTAL : 418.64 USD
TAX:VAT (6.28%): 26.28 USD
BALANCE DUE : 424.62 USD

Total in words: four hundred and twen-
ty-four point six two

‘Thank you for your business!

Address:233 Foster Gardens
Johnburgh, ID 41900 US

Bailey Group
Email:paul73@example.com
",6Y9M90-097,15-Apr-07,424.62,Bailey Group
Template5_Instance131.jpg,"Date: 09-Apr-1995
INVOICE ID INV21155179

 

   

 

 

 

 

 

 

 

PO Number :81

Buyer :Karen Smith

74300 Michael Island Apt. 648

Bairdhaven, MP 21122 US

Tel:+(092)232-5828

Email:diazjohn@example.org

Site:http:/iwww.warren.com/
ty 10 Description Unitprice | Amount
2.00 470055 | Both suddenly follow e274 125.48
5.00 145141 [ Such north development 2269) 113.45,
4.00 (045122 | Leader that bor, 4318 72
2.00 739247 | Stand folow benef response. as, 728.30
2.00 (056278 | Bank hospital institution 272 49.44

 

 

 

 

 

 

‘SUB_TOTAL : 589.39 USD
TAX:VAT (5.89%): 34.73 USD
BALANCE DUE : 612.80 USD
Total in words: six hundred and t-
welve point eight

‘Thank you for your business!

Address:233 Foster Gardens
Johnburgh, ID 41900 US

Bailey Group
Email:paul73@example.com
",INV21155179,09-Apr-95,612.8,Bailey Group
Template5_Instance130.jpg,"Date: 06-Jun-2000
INVOICE ID 2168-699

 

 

 

 

 

 

 

PO Number :11,

Bill to:Lauren Davis

2518 Montgomery Pine Apt. 237

New Leonard, MS 19700 US

Tel:+(331)619-0812

Email:anthony68@example.com

Site:http:/iwww.reyes-frazier.com!
ay 0 Description Unitprice | Amount
4.00 7asta1 | Adit natural 2756 350.28
2.00 208170___| Fish ot suppor doctor 3.62 16828
2.00 1551222 | Fourmodel exist, 3139) 162.78

 

 

 

 

 

 

‘SUB_TOTAL : 676.26 USD
TAX:VAT (6.25%): 28.76 USD
BALANCE DUE : 686.08 USD
Total in words: six hundred and eight-
y-six point zero eight

 

‘Thank you for choosing us!

Address:233 Foster Gardens
Johnburgh, ID 41900 US

Bailey Group
Email:paul73@example.com
",2168-699,06-Jun-00,686.08,Bailey Group
Template5_Instance132.jpg,"Date: 06-Jan-2019
Invoice number 9896-667

 

 

 

 

 

 

 

 

 

PO Number :27

Buyer :Roberto Williams

91850 Jackson Plaza Suite 840

West Jasmine, TN 17879 US

:taylorjennifer@example.org

Site:https:/iwww.smith.org/
ary © Description Unitprice | Amount
3.00 486061 | Along throughout foreign cour 13.75 4125)
3.00 201484 | Reflect protect himset 2418 7254
3.00 673148 | Sharinever. 3568 257.04

 

 

 

 

 

 

‘SUB_TOTAL : 370.83 USD
TAX:VAT (3.96%): 14.67 USD
BALANCE DUE : 378.19 USD

Total in words: three hundred and sever
ty-cight point one nine

 

Note: All payments to be made in cash.
Contact us for queries on these quotations.

 

Address:233 Foster Gardens
Johnburgh, ID 41900 US

Bailey Group
Email:paul73@example.com
",9896-667,06-Jan-19,378.19,Bailey Group
Template5_Instance13.jpg,"Invoice Date: 25-Oct-2016
INVOICE # 6Y3M50-522

 

 

 

 

 

 

 

PO Number 93

Bill to:Rebecca Williams

154 William Land Apt. 035

Robinsonland, Hi 40760 US

Tel:+(701)336-4258

Email:kelseybailey@example.net

Site:https://www.brown-hogan.com/
ty 10 Description Unitprice | Amount
5.00 1348255 | Soon authority 2857 44285
6.00 727403___| Move apply tte 55.46 332.76
6.00 120677 __| Seaton book event 39.38 235.96
2.00 1630516 | Hand hotel region happen 2312 46.24

 

 

 

 

 

 

‘SUB_TOTAL : 1057.83 USD
TAXVAT (5.12%): 54.13 USD
BALANCE DUE : 1097.04 USD

Total in words: one thousand and ninet-
y-seven point zero four

Note:
This order is shipped through blue dart courier

Address:233 Foster Gardens
Johnburgh, ID 41900 US

Bailey Group
Email:paul73@example.com
",6Y3M50-522,25-Oct-16,1097.04,Bailey Group
Template5_Instance124.jpg,"Invoice Date: 17-Feb-2001
INVOICE ID INV/45-91/920

 

 

 

 

 

 

 

 

PO Number :71

Buyer :Regina Williams

3293 Joyce Rest Suite 490

New Christopherport, GU 71987 US

Tel:+(620)240-4282

Email:schroederjoseph@example.com

Site:http:/www.taylor.info!
ty 10 Description Unitprice | Amount
1.00) (947473__| Few American laugh realy, 8102 3102,
3.00 213668 | Rock 53.30 159.90
2.00 395362__| Feld dream kind 32.39 ATE
4.00 780201 | Bit upon pont e486 250.48

 

 

 

 

 

 

SUB_TOTAL : 565.14 $
TAX:VAT (4.96%): 28.06 $
BALANCE DUE : 568.28 $

Total in words: five hundred and sixty-
-eight point two eight

Note:Total payment due in 14 days.

Address:233 Foster Gardens
Johnburgh, ID 41900 US

Bailey Group
Email:paul73@example.com
",INV/45-91/920,17-Feb-01,568.28,Bailey Group
Template5_Instance127.jpg,"Date: 30-Nov-2012
INVOICE # 6538-202

 

 

 

 

 

 

 

PO Number 76

Buyer :Cindy Freeman

7193 Jonathan Green

Markfort, VA 23994 US

Tel:+(970)708-4905

Email:higginschelsea@example.org

Site:http:/ipearson-ray.net!
ay 0 Description Unitprice | Amount
4.00 906021 | Get 9205, 368.20
1100) 1968629 __| Herself goal model adult 65.48 65.48,
4.00 021578__| State major say bul 992 39.68

 

 

 

 

 

 

SUB_TOTAL : 474.36 EUR
TAX:VAT (5.60%): 26.58 EUR
BALANCE DUE : 488.89 EUR

Total in words: four hundred and eighty-
-ight point eight nine

Note:
This order is shipped through blue dart courier

Address:233 Foster Gardens
Johnburgh, ID 41900 US

Bailey Group
Email:paul73@example.com
",6538-202,30-Nov-12,488.89,Bailey Group
Template5_Instance143.jpg," 

Invoice Date: 24-Apr-1995
INVOICE # INV/70-02/655

 

 

 

 

 

 

 

PO Number :02

Buyer :Abigail Harris

19247 Smith Pines Apt. 777

New Ashleymouth, FM 20738 US

Tol:+(944)156-7857

Email:perezjohnathan@example.com

Site:http://coffey-white.com/
ty 10 Description Unitprice | Amount
6.00 1650086 | Because quite various. 35.67 214.02
2.00 471502 | Tree audience grow. 84 187.68
100) 958195 | Betore eet eat
3.00 131889 | Score room aiference. 102 243.06

 

 

 

 

 

 

‘SUB_TOTAL : 712.87 $
TAX:VAT (4.77%): 34.02 $
BALANCE DUE : 718.38 $

Total in words: seven hundred and eigh-
teen point three eight

Note:
This order is shipped through blue dart courier

Address:233 Foster Gardens
Johnburgh, ID 41900 US

Bailey Group
Email:paul73@example.com
",INV/70-02/655,24-Apr-95,718.38,Bailey Group
Template5_Instance150.jpg,"Date: 19-Feb-1993
INVOICE # INV51084534

 

  

 

 

 

 

 

 

PO Number 34

Bill torRobert Bell

188768 Nguyen Tunnel Apt. 961

Lake Michelleborough, MT 57165 US

Tel:+(679)766-6916

Email:mwilliams@example.net

Site:https:/novak.info!
ay [0 Description Unitpriee [Amount
6.00 | 850534 | Blood gt save oo 360.06
3.00 [033451 None contro a3 11199
2.00 | 984585 | inavduat mis 1909 36.18
200 [227110 Report high Tr08 15408

 

 

 

 

 

 

‘SUB_TOTAL : 664.31 USD
TAX:VAT (5.20%): 34.56 USD
BALANCE DUE : 674.82 USD

Total in words: six hundred and sevent-
y-four point eight two

‘Thank you for your business!

Address:233 Foster Gardens
Johnburgh, ID 41900 US

Bailey Group
Email:paul73@example.com
",INV51084534,19-Feb-93,674.82,Bailey Group
Template5_Instance15.jpg,"Invoice Date: 15-Jan-2022
INVOICE # 8446-658

 

 

 

 

 

 

PO Number 67

Bill to:Tina Durham

221 Sims Pike

West Nicholeton, PA 63841 US

Tel:+(628)074-9980

Email:colejake@example.org

Sitezhttps://www.thomas.info!
ay © Description Unitprice | Amount
2.00 ‘490081 | Tough resouroe grow. e284 16528
6.00 108672 | Diference modem only e182 37092
2.00 956710 | Deep paper mean, 7237, 14474

 

 

 

 

 

 

‘SUB_TOTAL : 680.94 EUR
TAX:VAT (6.68%): 45.49 EUR
BALANCE DUE : 716.83 EUR

Total in words: seven hundred and six-
teen point eight three

‘Thank you for choosing us!

Address:233 Foster Gardens
Johnburgh, ID 41900 US

Bailey Group
Email:paul73@example.com
",8446-658,15-Jan-22,716.83,Bailey Group
Template5_Instance14.jpg,"Date: 28-Feb-2000
Invoice number 1Y7M5d-832

 

 

 

 

 

 

PO Number :63

Bill to:Darren Wilson

‘8683 Franco Park Suite 487

Lake Kennethmouth, DE 95468 US

Tel:+(685)504-7825

Email:qfernandez@example.net

Sitezhttps:l/jenkins.biz/
ary 0 Description Unitprice | Amount
1.00) 00785 | Untiocal 4446 4446
1100) (092755 | Approach cause Bana Bata
2.00 231101 | Ground avaiable ator. 4975 9950)

 

 

 

 

 

 

‘SUB_TOTAL : 198.10 $
TAX:VAT (5.36%): 10.62 $
BALANCE DUE : 202.06 $

Total in words: two hundred and t-
‘wo point zero six

‘Thank you for choosing us!

Address:233 Foster Gardens
Johnburgh, ID 41900 US

Bailey Group
Email:paul73@example.com
",1Y7M5d-832,28-Feb-00,202.06,Bailey Group
Template5_Instance139.jpg,"Invoice Date: 03-Mar-2006
INVOICE # 3869-056

 

 

 

 

 

 

 

PO Number 36

Bill to:Victoria Robinson

204 Lucas Crossroad Apt. 924

Port Thomas, RI 16111 US

Tel:+(808)569-6530

Email:farrellgeorge@example.org

Site:https:!/www.newton.biz!
ay Description Unitpriee [Amount
7.00 [485676 | Understand as 205 205
400] 163583 | Offcor fish incuding 273 092
300__| 186989 | End various. 40.96 72288

 

 

 

 

 

 

‘SUB_TOTAL : 135.85 $
TAX:VAT (3.98%): 5.41 §
BALANCE DUE : 137.84 $

Total in words: one hundred and thirty-
-seven point eight four

Note: All payments to be made in cash.
Contact us for queries on these quotations.

 

Address:233 Foster Gardens
Johnburgh, ID 41900 US

Bailey Group
Email:paul73@example.com
",3869-056,03-Mar-06,137.84,Bailey Group
Template5_Instance136.jpg," 

Date: 26-Sep-2009
Invoice number 6063-882

 

 

 

 

 

 

PO Number 62

Buyer :Ronald Walker

991 King Turnpike Apt. 991

West Jameshaven, NJ 56072 US

Tel:+(540)789-2673

Email:susanflores@example.net

Site:https://montes.com/
ty 10 Description Unitprice | Amount
2.00 1592960 __| Though resul cause ave 59.08 118.08)
1100) 165969 __| Etfect rook 7892, 7892
1100) 611205 | Quickly argue foward. 808% 2061
4.00 1956300 | Picture however yard. 4380 175.20

 

 

 

 

 

 

‘SUB_TOTAL : 452.81 $
TAX:VAT (6.76%): 30.62 $
BALANCE DUE : 468.08 $

Total in words: four hundred and sixty-
-eight point zero eight

‘Thank you for your business!

Address:233 Foster Gardens
Johnburgh, ID 41900 US

Bailey Group
Email:paul73@example.com
",6063-882,26-Sep-09,468.08,Bailey Group
Template5_Instance144.jpg,"Invoice Date: 18-Jan-1997
INVOICE ID INV63072827
PO Number 08

 

Bill to:Laura Harrison
7025 Michael Route Apt. 610
New Alanchester, AS 38594 US
Tel:+(623)874-1833,
Email:juan78@example.org
Site:http://taylor.biz!

 

 

‘ay © Description Unitprice | Amount

 

3.00 50401 | Small wong 2125 e375,

 

 

 

 

 

 

 

2.00 1500089 __| Dark finaly watch 1292 2584

 

‘SUB_TOTAL : 89.59 EUR
TAX:VAT (6.28%): 5.62 EUR
BALANCE DUE : 94.12 EUR

Total in words: ninety-four -
point one two

‘Thank you for your business!

Address:233 Foster Gardens
Johnburgh, ID 41900 US

Bailey Group
Email:paul73@example.com
",INV63072827,18-Jan-97,94.12,Bailey Group
Template5_Instance149.jpg,"Date: 02-Apr-2012
INVOICE ID 3Y5M3d-707
PO Number 93

 

Buyer :Danielle Bradley
188360 Casey Brook Suite 449
Jordanborough, MT 01670 US
Tel:4(199)547-9531
Email:riverajanice@example.org
Site:https:!/wwwharris.com!

 

 

aty © Description Unitprice | Amount

 

4.00 682479 | ts aitferent 80.87 322.68

 

 

 

 

 

 

 

5.00 1893383 | School somebody government 4936 246.80

 

‘SUB_TOTAL : 569.48 USD
TAX:VAT (4.35%): 24.79 USD
BALANCE DUE : 584.25 USD

Total in words: five hundred and eigh-
ty-four point two five

‘Thank you for your business!

Address:233 Foster Gardens
Johnburgh, ID 41900 US

Bailey Group
Email:paul73@example.com
",3Y5M3d-707,02-Apr-12,02-Apr-12,Bailey Group
Template5_Instance142.jpg,"Invoice Date: 13-Aug-2018
Invoice number 9061-163,

 

 

 

 

 

 

PO Number 54

Bill to:Stephanie Castro

44321 Barrera Meadows Suite 623

Clarkshire, CT 45089 US

Tel:+(705)769-4329

Email:olizabethpeterson@example.net

Site:http:/www.espinoza.com!
ay © Description Unitprice | Amount
4.00 oaiai2 | Arteasy. 14.67 58.68
4.00 1472869 | Bar road sonics, oa56 258.28
5.00 290001 | Ago later. Ta 367.20

 

 

 

 

 

 

‘SUB_TOTAL : 684.12 $
TAX:VAT (6.56%): 44.89 $
BALANCE DUE : 702.81 $

Total in words: seven hundred and -
two point eight one

‘Thank you for choosing us!

Address:233 Foster Gardens
Johnburgh, ID 41900 US

Bailey Group
Email:paul73@example.com
",9061-163,13-Aug-18,702.81,Bailey Group
Template5_Instance141.jpg,"Invoice Date: 07-Apr-2020
Invoice number 4Y1M2d-508

 

 

 

 

 

 

 

 

PO Number 85

Buyer :Mrs. Laura Butler

64879 Long Overpass

‘Amyview, OH 20394 US

Tel:+(679)366-6178

Email:heather46@example.net

Site:https://www.leonard.org!
ty 10 Description Unitprice | Amount
2.00 '448502___| Question 5.06 10.12
1100) 300715 | Term doctor 9983) 99.89)
6.00 515376 __| Natural base 72.02 32.12
2.00 1888220 | Debate join condition 2455) 49:10

 

 

 

 

 

 

SUB_TOTAL : 591.17 $
TAX:VAT (3.67%): 21.69 $
BALANCE DUE : 584.48 $

Total in words: five hundred and eight-
y-four point four eight

Note:
This order is shipped through blue dart courier

Address:233 Foster Gardens
Johnburgh, ID 41900 US

Bailey Group
Email:paul73@example.com
",4Y1M2d-508,07-Apr-20,584.48,Bailey Group
Template5_Instance147.jpg,"Invoice Date: 06-Jul-1993
INVOICE # INV31854676

 

 

 

 

 

 

 

PO Number 21

Buyer :David Hogan

'5270 Lauren Islands Suite 667

Port Kevinside, KY 20127 US

Tel:+(931)028-8202

Email:nancy84@example.com

Site:http:/iwww.anderson-campos.biz!
ayo Description Unitpriee [Amount
500__| 900859 | Eattype 3799 189.65
400 | 449562 | Sivaton 9747 389.88
2.00__| 185999 | Sixmoming 35.15 70.30

 

 

 

 

 

 

‘SUB_TOTAL : 649.83 $

TAX:VAT (6.43%): 41.78 $
BALANCE DUE : 670.88 $

Total in words: six hundred and seve-
nty point eight eight

 

‘Thank you for your business!

Address:233 Foster Gardens
Johnburgh, ID 41900 US

Bailey Group
Email:paul73@example.com
",INV31854676,06-Jul-93,670.88,Bailey Group
Template5_Instance138.jpg,"Date: 28-May-2007
INVOICE ID INVO1272742

 

 

 

 

 

 

 

 

 

PO Number :51

Buyer :Alexander Mann

363 Cherry Lane Apt. 122

Johnnyfurt, AS 55611 US

Tel:+(593)115-6830

Email:blake77@example.net

Site:https:l/sweeney-chavez.com/
ty 10 Description Unitprice | Amount
4.00 170785 __| Home last 9964 998.56
2.00 (068018 | Ask star unit 33.39 6578
2.00 100866 | tr e024 160.48
4.00 1968504 | Now perhaps. 29.92 359.68
6.00 711283 | Maintain yard svccesstul 491 29.46

 

 

 

 

 

 

‘SUB_TOTAL : 1014.96 USD
TAX:VAT (6.85%): 69.53 USD
BALANCE DUE : 1045.01 USD

Total in words: one thousand and fort-
y-five point zero one.

Note:
This order is shipped through blue dart courier

Address:233 Foster Gardens
Johnburgh, ID 41900 US

Bailey Group
Email:paul73@example.com
",INVO1272742,28-May-07,1045.01,Bailey Group
Template5_Instance145.jpg,"Invoice Date: 05-Jul-2010
INVOICE ID 1927-937

 

 

 

 

 

 

PO Number :89

Bill to:Jennifer Parsons

456 Amanda Harbors

West Melanieside, MP 55569 US

Tel:+(239)497-0156

Email:evansvalerie@example.org

Site:http://cox-edwards.com/
ay 0 Description Unitprice | Amount
2.00 976543 __| Fast situation modem 551 1.02
6.00 1913288 | Those necessary brother 575 34.50
4.00 282910 | Other ok system, 354 374.16

 

 

 

 

 

 

SUB_TOTAL : 419.68 EUR
TAX:VAT (3.79%): 15.89 EUR
BALANCE DUE : 428.73 EUR

Total in words: four hundred and twenty-
-eight point seven three

‘Thank you for choosing us!

Address:233 Foster Gardens
Johnburgh, ID 41900 US

Bailey Group
Email:paul73@example.com
",1927-937,05-Jul-10,428.73,Bailey Group
Template5_Instance140.jpg,"Date: 02-Jul-2002
INVOICE ID INV/52-401477
PO Number :06

 

Bill to:Jennifer Sanchez
5736 Charles Road

West Timothy, ME 33970 US
Tol:+(333)131-6382
Email:smithrobert@example.org
Site:http:/iwww.phillips-fleming.com!

 

ay © Description Unitprice | Amount

 

5.00 148858 | Rock responsibly possible. 2400) 7720.00

 

 

 

 

 

 

 

1.00) 246124 | May ich 2085 2086

 

‘SUB_TOTAL : 200.66 EUR
TAX:VAT (6.26%): 8.56 EUR
BALANCE DUE : 200.59 EUR

Total in words: two hundred p-
int five nine

‘Thank you for choosing us!

Address:233 Foster Gardens

Johnburgh, ID 41900 US

Bailey Group
Email:paul73@example.com
",INV/52-401477,02-Jul-02,200.59,Bailey Group
Template5_Instance137.jpg," 

Invoice Date: 11-May-2016
INVOICE # INV37345064

 

 

 

 

 

 

 

PO Number 18

Buyer :Gloria Vaughn

6228 Stafford Lake

Port Samuelton, AR 46719 US

Tel:+(975)686-2851

Email:andrew77@example.net

Site:http:/Inguyen.com/
ty 10 Description Unitprice | Amount
3.00 1595833, Around long 73.56 238.68
6.00 106976 __| Treat stock business. 11.03 65.18
6.00 667769, | Mysetftask you 13.08 7e28
5.00 502537 | Receive, 8.46 4230
5.00 102803 __| Partie each 9829) 491.45

 

 

 

 

 

 

SUB_TOTAL : 916.85 $
TAX:VAT (6.58%): 60.36 $
BALANCE DUE : 964.37 $

Total in words: nine hundred and sixty-
four point three seven

 

‘Thank you for choosing us!

Address:233 Foster Gardens
Johnburgh, ID 41900 US

Bailey Group
Email:paul73@example.com
",INV37345064,11-May-16,964.37,Bailey Group
Template5_Instance146.jpg,"Date: 02-Oct-2015
Invoice number 1Y2M14-847

 

 

 

 

 

 

 

 

PO Number :51

Bill to:Sherry Garrett

976 Kevin Course

Baldwinmouth, MO 52700 US

Tel:+(210)619-4917

Email:murraykevin@example.org

Site:httpsi//wade.com!
ty 10 Description Unitprice | Amount
3.00 (051673 | Moment bive 65.50) 199.80)
5.00 1852465 | Discuss federal return: 4920 246.00
2.00 333439 | Yard age. 39.74 179.48
3.00 51013 | Fact 9703 291.09

 

 

 

 

 

 

SUB_TOTAL : 916.37 EUR
TAX:VAT (3.95%): 36.22 EUR
BALANCE DUE : 930.23 EUR
Total in words: nine hundred and th-
irty point two three

‘Thank you for your business!

Address:233 Foster Gardens
Johnburgh, ID 41900 US

Bailey Group
Email:paul73@example.com
",1Y2M14-847,02-Oct-15,930.23,Bailey Group
Template5_Instance148.jpg," 

Date: 23-Jun-2004
INVOICE ID INV/20-27/182

 

 

 

 

 

 

PO Number 83

Bill to:Susan Lowe

30980 Shannon Mills

West Danielside, VI 41037 US

Tel:+(431)369-2699

Email:jonesann@example.org

Site:http:/webster-hurst.com/
ty 10 Description Unitprice | Amount
6.00 219387 | Name six 6007, 360.42
2.00 752401 | Require sport growth 307 614
4.00 1300083 __| Her end ievel 45.34 78136
3.00 1808158 | Hundred increase somelimes himeal 95.90) 287-70

 

 

 

 

 

‘SUB_TOTAL : 835.62 $
TAX:VAT (4.67%): 39.01 $
BALANCE DUE : 860.51 $
Total in words:
ixty point five one

 

‘Thank you for choosing us!

Bailey Group

Address:233 Foster Gardens

ight hundred and s-

Johnburgh, ID 41900 US

Email:paul73@example.com

 
",INV/20-27/182,23-Jun-04,860.51,Bailey Group
Template5_Instance162.jpg,"Date: 11-Sep-2013
INVOICE ID 5Y3MSd-858
PO Number :38

 

Buyer :Raymond Webb
587 Alexandra Port

Kristenbury, AK 74320 US
Tel:+(056)540-2647
Email:lopezheather@example.net
Site:http:/uarez.com!

 

‘ay © Description Unitprice | Amount

 

6.00 503646 | Hard worker 02 4812

 

 

 

 

 

 

 

3.00 202219 | Type ater tsa 29.64 3892,

 

SUB_TOTAL : 137.04 EUR
TAXVAT (3.49%): 4.79 EUR
BALANCE DUE : 138.64 EUR
Total in words: one hundred and thirt-
y-eight point six four

Note:
This order is shipped through blue dart courier

Address:233 Foster Gardens
Johnburgh, ID 41900 US

Bailey Group
Email:paul73@example.com
",5Y3MSd-858,11-Sep-13,138.64,Bailey Group
Template5_Instance164.jpg," 

 

Date: 13-May-1993,
INVOICE # 8698-237

 

 

 

 

 

PO Number :53

Bill to:Brian Savage

1303 Nicole Track

Lake Timtown, WA 53432 US

Tol:+(311)428-2935

Email:zacharylewis@example.org

Site:http://crawford.biz!
ty 10 Description Unitprice | Amount
3.00 262977 __| Recent general receive. 233) 276.99
1100) 712940 | Something month 11.49 1149
6.00 762262 __| Address contain, 184, 11.04
4.00 163516 | Law weight voy. 727 389.08

 

 

 

 

 

 

Note: All payments to be mac

‘SUB_TOTAL : 688.60 USD

TAX:VAT (4.42%): 30.45 USD
BALANCE DUE : 689.23 USD

Total in words: six hundred and eight-

y-nine point two three

 

in cash.

Contact us for queries on these quotations.

Bailey Group

Address:233 Foster Gardens
Johnburgh, ID 41900 US

Email:paul73@example.com
",8698-237,13-May-93,689.23,Bailey Group
Template5_Instance151.jpg,"Date: 21-Jun-1996
Invoice number 4084-032

 

 

 

 

 

 

PO Number 92

Bill to:Kristopher Duncan

'5769 Taylor Hoights Apt. 790

South Christinaburgh, TX 92231 US

Tel:#(871)599.9587

Email:sschroeder@example.net

Site:http:/fbrown.infol
ay] Description Unitprice [Amount
3.00 | 94386 | Reveat contain 1435 43.05
3.00 | 126650 | Company suppor commercial 22.16 776.48
7.00 [577179 | Yes und securiy 7058 70583

 

 

 

 

 

 

SUB_TOTAL : 390.06 EUR
TAX:VAT (6.45%): 25.16 EUR
BALANCE DUE : 406.44 EUR

Total in words: four hundred and s-
ix point four four

‘Thank you for choosing us!

Address:233 Foster Gardens
Johnburgh, ID 41900 US

Bailey Group
Email:paul73@example.com
",4084-032,21-Jun-96,406.44,Bailey Group
Template5_Instance153.jpg,"Invoice Date: 19-Jun-2012
INVOICE ID INV/03-16/685

 

 

 

 

 

 

 

 

PO Number :35

Buyer Jason Costa

'508 Schmidt Ramp

Roseviow, WI 79683 US.

Tel:+(018)580-0375

Email:stephanieanderson@example.com

Site:https:i/singh.com/
ay [0 Description Unitprice [Amount
500__| 514884 | Research mariage 622 31.10
400 | 426403 | Hear speak meet 56.4 227.36
3.00 | 115806 | Go simost wonder: 5004 300.24
500 | 225624 | War. 2461 123.05
200 | 756164 | Figure special everybody much S127 102.54

 

 

 

 

 

 

‘SUB_TOTAL : 784.29 EUR
TAX:VAT (5.85%): 45.88 EUR
BALANCE DUE : 812.13 EUR

Total in words: eight hundred and tw-
elve point one three

‘Thank you for choosing us!

Address:233 Foster Gardens
Johnburgh, ID 41900 US

Bailey Group
Email:paul73@example.com
",INV/03-16/685,19-Jun-12,812.13,Bailey Group
Template5_Instance155.jpg," 

 

 

Invoice Date: 21-Feb-1994

 

 

 

 

 

INVOICE # 9Y1M10-438
PO Number :07

Bill toxdoshua Moore

164241 Johnson Rest Apt. 472

New Alison, AZ 51799 US

Tel:+(828)185.2921

Email:frankyoung@example.

Site:https://price-patterson.com!
ay [0 Description Unitpriee [Amount
a Co 7833 234.99
7.00 [045042 | Relationship cour nati. 44.16 14.16
400 | 965449 | Poor move 282 1128
3.00 [691862 | Structure some moat 97.26 29178

 

 

 

 

 

 

SUB_TOTAL : 582.21 $
TAX:VAT (5.51%): 32.09 $
BALANCE DUE : 606.73 $
Total in words:
x point seven three

 

‘Thank you for your business!

Bailey Group

ix hundred and

 

Address:233 Foster Gardens
Johnburgh, ID 41900 US

Email:paul73@example.com
",9Y1M10-438,21-Feb-94,606.73,Bailey Group
Template5_Instance16.jpg,"Invoice Date: 20-Mar-1996
INVOICE ID INV12210426

 

 

 

 

 

 

 

 

PO Number 94

Buyer :Rhonda Mendez

‘7141 Sara Port Suite 644

North Jacobmouth, PW 57946 US

Tel:+(076)882-3565

Email:francojoseph@example.net

Site:https:/lwww.grifith-fuentes.com!
ay [0 Description Unitpriee [Amount
3.00 | 695484 | Window toward 90.70 272.10
500 | 77101 | So operation al 5967 208.35
2.00 | 324710 | Game atow seat 33.15 186.30
400 [70313 | Young oss us 99.56 308.24
5.00] 97a107 | witin ftsten 32.40 1200

 

 

 

 

 

 

‘SUB_TOTAL : 1566.99 USD
TAX:VAT (3.54%): 55.45 USD
BALANCE DUE : 1597.52 USD

Total in words: one thousand, five hundred an-
dd ninety-seven point five two

Note:
This order is shipped through blue dart courier

Address:233 Foster Gardens
Johnburgh, ID 41900 US

Bailey Group
Email:paul73@example.com
",INV12210426,20-Mar-96,1597.52,Bailey Group
Template5_Instance165.jpg,"Buyer Jose Edwards

766 Sharon Road Suite 997
Lake Lindsay, UT 51329 US

Tel:+(552)776-1668
Email:

 

iavidhumphrey@example.net
Site:https://hoffman.biz!

 

Invoice Date: 26-May-2011

Invoice number INVI67-99/527
PO Number 64

 

 

 

 

 

ary 0 Description Unitprice | Amount
6.00 948449 | Story federal change, 38.9% 238.46
4.00 1861856 | Behind happen. 7787 31086
2.00 “447070__| Network lear eg. 4973 9946

 

 

 

 

 

 

‘SUB_TOTAL : 643.60 $
TAX:VAT (6.86%): 44.16 $
BALANCE DUE : 676.88 $
Total in words:
y-six point eight eight

 

‘Thank you for your business!

Bailey Group

ix hundred and sevent-

Address:233 Foster Gardens
Johnburgh, ID 41900 US

Email:paul73@example.com
",INVI67-99/527,26-May-11,676.88,Bailey Group
Template5_Instance152.jpg," 

Date: 02-Feb-2002
INVOICE # 4291-900
PO Number :42

 

Buyer :Gloria Griffin

3069 Rick Crossing Apt. 040
Georgebury, WV 79168 US
Tel:+(718)029-2970
Email:rachelwang@example.org
Site:http:/iwww.peterson.com/

 

 

 

 

‘ty © Description Unitprice | Amount
3.00 501545 | Response 36.34 108.98
6.00 '572378__| Include cary. 38.62 23172
4.00 745430___| Heavy party 773 300.24

 

 

 

 

 

 

‘SUB_TOTAL : 649.89 EUR
TAX:VAT (3.98%): 25.88 EUR
BALANCE DUE : 644.12 EUR

Total in words: six hundred and fort-
y-four point one two

 

 

Note: All payments to be made in cash.
Contact us for queries on these quotations.

Address:233 Foster Gardens
Johnburgh, ID 41900 US

Bailey Group
Email:paul73@example.com
",4291-900,02-Feb-02,644.12,Bailey Group
Template5_Instance158.jpg,"Date: 05-May-2015,
Invoice number INV/82-02/498
PO Number :45

 

Bill to:Alan Armstrong
‘9564 Sullivan Stravenue
Elliottshire, AL 56714 US
Tel:+(692)602-4051
Email:batesnatasha@example.org
Site:http://miller.com!

 

 

 

 

 

 

 

 

‘ay © Description Unitprice | Amount
6.00 (049462 | Word certain 522 57132
2.00 104524 | Rate structure nothing 562 131.24

 

 

 

‘SUB_TOTAL : 702.56 USD
TAX:VAT (5.19%): 36.47 USD
BALANCE DUE : 724.28 USD

Total in words: seven hundred and twer
ty-four point two eight

 

Note: All payments to be made in cash.
Contact us for queries on these quotations.

Address:233 Foster Gardens
Johnburgh, ID 41900 US

Bailey Group
Email:paul73@example.com
",INV/82-02/498,05-May-15,724.28,Bailey Group
Template5_Instance156.jpg,"Date: 13-Mar-2007
Invoice number 2520-262
PO Number :31

 

Bill to:Taylor Jones
77235 Parker Gateway Apt. 509
Hendersonmouth, TN 20095 US
Tol:+(479)313-1691
Email:sdean@example.com
Site:http:/iwww.maddox.com/

 

aty © Description Unitprice | Amount

 

4.00 (688365 | Other audience ai 92.8 368.72

 

 

 

 

 

 

 

100) 952316 | Body magazine wana eat

 

‘SUB_TOTAL : 432.86 EUR
TAX:VAT (3.23%): 13.97 EUR
BALANCE DUE : 437.83 EUR

Total in words: four hundred and thirty-
seven point eight three

Note:Total payment due in 14 days.

Address:233 Foster Gardens

Johnburgh, ID 41900 US

Bailey Group
Email:paul73@example.com
",2520-262,13-Mar-07,437.83,Bailey Group
Template5_Instance163.jpg,"Invoice Date: 22-Apr-1996
INVOICE # 4520-046

 

 

 

 

 

 

 

 

 

PO Number :76

Bill to:Vincent Nguyen

137 Hughes Meadow

Zacharyberg, LA 86503 US

Tel:+(169)590-5075

Email:marklopez@example.net

Site:https:/lwww.benton-leblanc.net!
ay [0 Description Unitpriee [Amount
400 ___| 77678 | image ndeae 95.36 Bia
6.00 | 396088 | Tabe folow 697 ane
6.00 | 258067 | vetforoe plant 64.97 386.22
6.00 | 199186 | Management ink 5691 146
500 [897309 | Author porson join 23.54 46770

 

 

 

 

 

 

‘SUB_TOTAL : 1618.64 USD
TAX:VAT (6.19%): 100.27 USD

BALANCE DUE : 1638.46 USD

Total in words: one thousand, six hundred an-
d thirty-eight point four six

Note: All payments to be made in cash.
Contact us for queries on these quotations.

 

Address:233 Foster Gardens
Johnburgh, ID 41900 US

Bailey Group
Email:paul73@example.com
",4520-046,22-Apr-96,1638.46,Bailey Group
Template5_Instance154.jpg,"Invoice Date: 26-Nov-1994
Invoice number INV29672678

 

   

 

 

 

 

 

PO Number :43

Bill to:Evelyn Norris,

32279 Salazar Lakes Apt. 201

Hubbardton, AK 23269 US

Tel:+(159)169-8072

Email:foster@exampl

Site:http:iwww.salinas.com/
ayo Description Unitpriee [Amount
2.00 | 409655 | High new improve 05.16 132.32
200 | 404113 | Century bot manager 1304 26.08
6.00 | 465816 | Member party pattorn ser 19002

 

 

 

 

 

 

‘SUB_TOTAL : 348.42 $

TAX:VAT (5.75%): 20.03 $

BALANCE DUE : 359.63 $

Total in words: three hundred and fift-
y-nine point six three

‘Thank you for choosing us!

Address:233 Foster Gardens
Johnburgh, ID 41900 US

Bailey Group
Email:paul73@example.com
",INV29672678,26-Nov-94,359.63,Bailey Group
Template5_Instance160.jpg,"Invoice Date: 08-May-1997
INVOICE ID 2304-814

 

 

 

 

 

 

 

 

PO Number :49

Buyer Jennifer Hall

8377 Harvey Knoll Suite 397

East Melissaview, PW 97183 US

Tel:4(163)829-8506

Email:dbarrett@example.net

Site:http:/iwww.walker-smith.com!
ay [0 Description Unitpriee | _Amount
400 | 185438 [impact ready 25.68 10276
“400 | 45110 | Arve popular commer 28.92 71568
100 | 225571 __| Student ctizen 98.03 98.03
300] 739658 | Perineease 29.11 297.38

 

 

 

 

 

 

‘SUB_TOTAL : 613.80 EUR
TAX:VAT (6.49%): 39.86 EUR
BALANCE DUE : 625.12 EUR
Total in words: six hundred and twen-
ty-five point one two

 

  

‘Thank you for your business!

Address:233 Foster Gardens
Johnburgh, ID 41900 US

Bailey Group
Email:paul73@example.com
",2304-814,08-May-97,625.12,Bailey Group
Template5_Instance167.jpg,"Date: 25-Mar-1997
INVOICE # 2056-271

 

 

 

 

 

 

 

 

PO Number :57

Buyer :Laura Harper

299 Buchanan Flats

Jasmineside, PR 86385 US

Tel:+(687)552-6909

Email:qhunt@example.com

Site:https://baker.com!
ty 10 Description Unitprice | Amount
3.00 1602327 __| Old economic poly. 6063 78189
6.00 1543023 Boy frsh 3327 199.62
5.00 1653504 | Candidate station important have 25.54 #2770
100) 768548 | Dark asa 4344
2.00 703659__| Atco ether investment 7848 156.96)

 

 

 

 

 

 

‘SUB_TOTAL : 1009.61 USD
TAX:VAT (4.84%): 48.86 USD
BALANCE DUE : 1030.91 USD
Total in words: one thousand and th-
inty point nine one

‘Thank you for choosing us!

Address:233 Foster Gardens

Johnburgh, ID 41900 US

Bailey Group
Email:paul73@example.com
",2056-271,25-Mar-97,1030.91,Bailey Group
Template5_Instance166.jpg,"Invoice Date: 13-Jun-2013
INVOICE ID INV18476408

 

 

 

 

 

 

 

 

 

PO Number 78

Bill to:Shannon Davis

6110 Mark Cape Suite 565

North Deanna, MD 97549 US

Tol:+(017)441-7693,

Email:wrussell@example.net

Site:http://beard.com!
ay 10 Description Unitprice | Amount
6.00 1905130 | Democratic apy company. 072 432
5.00 (060362 | Event same. 29:16 195.80)
2.00 20212 | Cut since tak 2888 57.38
5.00 654658 | Yard a president, 329 16.45
3.00 485771 | Create car professional 12.95 38.85

 

 

 

 

 

 

‘SUB_TOTAL : 262.78 EUR
TAX:VAT (3.39%): 8.91 EUR
BALANCE DUE : 261.52 EUR
Total in words: two hundred and sixt-
y-one point five two

‘Thank you for choosing us!

Address:233 Foster Gardens

Johnburgh, ID 41900 US

Bailey Group
Email:paul73@example.com
",INV18476408,13-Jun-13,261.52,Bailey Group
Template5_Instance161.jpg,"Date: 17-Apr-2018
INVOICE ID INV/65-09/745

 

 

 

 

 

 

 

 

PO Number :12
Buyer :Timothy Carter

788 Mills Wall

Markland, OH 78801 US

Tel:#(982)510.3703

Email:alfred40@example.net

Site:https:/www.smith-wagner.com!
ay [0 Description Unitpriee [Amount
2.00___| 417330 | Protec simply 97.63 195.26
600 [627161 | Potiat hott tem 237 168.22
100 | 208745 | Steet 62.45 62.45
3.00 | 269605 | mesa ft on, 48.36 778.16

 

 

 

 

 

 

SUB_TOTAL : 700.09 $
TAX:VAT (5.47%): 38.29 $

BALANCE DUE : 721.23 $

Total in words: seven hundred and twer
ty-one point two three

Note:Total payment due in 14 days.

Address:233 Foster Gardens

Johnburgh, ID 41900 US

Bailey Group
Email:paul73@example.com
",INV/65-09/745,17-Apr-18,721.23,Bailey Group
Template5_Instance157.jpg,"Date: 02-Aug-2022
Invoice number INVI55-52/084
PO Number 54

 

Bill toxJames Wright
443 Edwards Radial

Port Dawn, NV 71924 US
Tel:+(987)408-5057
Email:diane92@example.org
Site:https://bell-petersen.com!

 

 

 

 

 

 

 

‘ay 0 Description Unitprice | Amount
1.00) (74437 | Talk popular right 35.62 3562,
3.00 ‘514249 | Store bag leader. 423) 282.69
3.00 692397 __| Statf happy put 16.23 45.69)
5.00 ozstt | Wont 778 389.20

 

 

 

 

 

 

‘SUB_TOTAL : 803.20 $
TAX:VAT (3.63%): 29.16 $
BALANCE DUE : 810.11 $

Total in words: eight hundred and-
ten point one one

 

‘Thank you for choosing us!

Address:233 Foster Gardens
Johnburgh, ID 41900 US

Bailey Group
Email:paul73@example.com
",INVI55-52/084,02-Aug-22,810.11,Bailey Group
Template5_Instance159.jpg,"Bill to:Kellie Patterson

Date: 28-Sep-1998
INVOICE # 7568-279
PO Number :90

 

7763 Robert Squares Suite 193
North Davidland, TN 78394 US

Tol:+(593)311-0519

Email:jonesrichard@example.org
Site:https://www.gomez.com!

 

©

Description Unitprice | Amount

 

3.00

(651569

it lain now. 4226 12678

 

 

2.00

 

‘379707

 

 

 

 

‘Should everyone set 3271 6542

 

‘SUB_TOTAL : 192.20 USD
TAX:VAT (5.30%): 10.19 USD
BALANCE DUE : 199.47 USD

Total in words: one hundred and ninety-
-nine point four seven

‘Thank you for your business!

Bailey Group

Address:233 Foster Gardens
Johnburgh, ID 41900 US

Email:paul73@example.com
",7568-279,28-Sep-98,199.47,Bailey Group
Template5_Instance174.jpg,"Date: 01-Nov-1997
INVOICE ID 1007-818
PO Number :58

 

Bill to:Cesar Lee
280 Garcia Heights Suite 953

Port Jillstad, DC 19775 US
Tel:+(676)073-7264
Email:brewerstephanie@example.net
Site:http:/flores-price. biz!

 

 

aty © Description Unitprice | Amount

 

4.00 1570961 __| Steat us character. 24.32 337.28,

 

 

 

 

 

 

 

5.00 367867 | Financial method hour budget 387, 219.35

 

‘SUB_TOTAL : 556.63 USD
TAX:VAT (4.39%): 24.44 USD
BALANCE DUE : 558.08 USD

Total in words: five hundred and fifty-
eight point zero eight

Note:Total payment due in 14 days.

Address:233 Foster Gardens

Johnburgh, ID 41900 US

Bailey Group
Email:paul73@example.com
",1007-818,01-Nov-97,558.08,Bailey Group
Template5_Instance179.jpg,"Invoice Date: 01-May-2007
Invoice number INV/15-30/296
PO Number :43

 

Bill toxJohnny Johnson
4170 Bolton Cliff
Bennettborough, DE 83984 US
Tel:+(424)088-2237
Email:lisa21@example.com
Site:http:/iwww.goodwin.biz/

 

 

 

 

 

 

 

 

ay 10 Description Unitprice | Amount
6.00 460414 | Feel south reach, 51.55 09:30
1100) 767984 | Mention wo. 215, 2.15,
6.00 194139 | Model performance serious, e227 493.62
2.00 1536076 | Indicate lotr. 5407 708.14
3.00 328435 | Wins 1378 122

 

 

 

 

 

 

‘SUB_TOTAL : 1014.43 USD
TAX:VAT (6.95%): 70.48 USD
BALANCE DUE : 1041.29 USD

Total in words: one thousand and for-
ty-one point two nine

‘Thank you for choosing us!

Address:233 Foster Gardens
Johnburgh, ID 41900 US

Bailey Group
Email:paul73@example.com
",INV/15-30/296,01-May-07,70.48,Bailey Group
Template5_Instance168.jpg,"Date: 31-Jul-2002
INVOICE ID INV40317268

 

 

 

 

 

 

 

 

PO Number :49

Buyer :Daniel Mooney

8738 Fuller Mountain

North Brianton, NE 01374 US

Tel:+(876)020-2626

Email:sgraham@example.com

Site:https:/ffischer.com!
ty 10 Description Unitprice | Amount
4.00 494962 | Though wife 6868 Bare
3.00 055810 | Say where. 4185) 124.35)
2.00 951020 | Raise white 9082, 181.64
6.00 495731___| Herself whose 97.19) 583.14
4.00 341728 | He time sett. 4465) 178.60)

 

 

 

 

 

 

‘SUB_TOTAL : 1342.45 §
TAX:VAT (3.59%): 48.20 $

BALANCE DUE : 1363.67 $

Total in words: one thousand, three hundred a-
nd sixty-three point six seven

‘Thank you for choosing us!

Address:233 Foster Gardens
Johnburgh, ID 41900 US

Bailey Group
Email:paul73@example.com
",INV40317268,31-Jul-02,1363.67,Bailey Group
Template5_Instance18.jpg,"Date: 20-Aug-2018
INVOICE ID 7032-838

 

 

   

 

 

 

 

 

 

PO Number 08

Bill to:Morgan Holt

(058 Kimberly Land Suite 803

North Amyhaven, WY 26857 US

Tol:+(759)972-2474

Email:boydsteven@examp!

Site:https://fowler.com/
ty 10 Description Unitprice | Amount
4.00 (073528 | Spring medical palical 40.54 162.16)
1.00) 249809, __| Explain ask ave. 92.49) 9249)
6.00 1615068 __| The including bank 9608) 576.48
5.00 1586114 | Ground responsibly suppor. 7303 365.15

 

 

 

 

 

 

‘SUB_TOTAL : 1196.28 USD
TAX:VAT (6.37%): 76.26 USD
BALANCE DUE : 1220.74 USD

Total in words: one thousand, two hundred -
and twenty point seven four

‘Thank you for your business!

Address:233 Foster Gardens

Johnburgh, ID 41900 US

Bailey Group
Email:paul73@example.com
",7032-838,20-Aug-18,1220.74,Bailey Group
Template5_Instance180.jpg,"Invoice Date: 17-Nov-2005
INVOICE # 3Y7M74-076

 

   

 

 

 

 

 

 

 

PO Number :50

Buyer :Michael Miller

418 Morales Via Suite 686

West Danny, SC 86316 US

Tel:+(035)600-0269

Email:teresa84@example.org

Site:https://www.stevens-lewis.com!
ay 10 Description Unitprice | Amount
6.00 196426 [Cover maybe personal 70.18 421.08
5.00 1650023 _| Arm mention 6395) 31975
6.00 612606 | Strategy stay. 54.08 328.48
5.00 22008 __| According 36.21 18105
5.00 211710__| Help exacty drive 65.15 33075

 

 

 

 

 

 

‘SUB_TOTAL : 1577.11 USD
TAX:VAT (4.56%): 71.95 USD
BALANCE DUE : 1610.42 USD

Total in words: one thousand, six hundre-
d and ten point four two

Note:Total payment due in 14 days.

Address:233 Foster Gardens
Johnburgh, ID 41900 US

Bailey Group
Email:paul73@example.com
",3Y7M74-076,17-Nov-05,1610.42,Bailey Group
Template5_Instance181.jpg,"Date: 08-Dec-2002
INVOICE # 7Y9M20-013

 

 

 

 

 

 

 

 

PO Number :04

Buyer :Steven Brown

022 Bell Springs Suite 696

Lake Julialand, FM 02718 US.

Tel:+(036)739-6909

Email:timothy57@example.net

Site:http://www.simmons.net/
ty 10 Description Unitprice | Amount
3.00 725508 | Modern moment 9530) 285.90
3.00 722461 | Type perform. 2805, 2415,
5.00 157624 | Establish. 73.75 36875
100) 408362 | Economic Domocrat end. 13.98 13.98

 

 

 

 

 

 

‘SUB_TOTAL : 752.74 USD
TAX:VAT (5.05%): 38.03 USD
BALANCE DUE : 756.14 USD
Total in words: seven hundred and fif-
ty-six point one four

‘Thank you for choosing us!

Address:233 Foster Gardens
Johnburgh, ID 41900 US

Bailey Group
Email:paul73@example.com
",7Y9M20-013,08-Dec-02,756.14,Bailey Group
Template5_Instance17.jpg,"Date: 07-Mar-1999
Invoice number 4Y7M9d-814

 

 

 

 

 

 

 

PO Number :62

Buyer :Mrs. Dana Hays

35444 Brown Keys

Cooperport, VT 37515 US

Tel:+(568)743-7051

Email:blacksarah@example.com

Site:https://www.brennan-stewart.com/
ary © Description Unitprice | Amount
1.00) 1859532 | No project bom tem 13.95 13.95
1100) 342858 | Cup certainly. 237, 2237,
5.00 328129 | Deep official environmental 2980) 449.00

 

 

 

 

 

 

‘SUB_TOTAL : 555.32 $
TAX:VAT (5.90%): 32.78 $
BALANCE DUE : 577.38 $

Total in words: five hundred and seventy-
-seven point three eight

Note:Total payment due in 14 days.

Address:233 Foster Gardens
Johnburgh, ID 41900 US

Bailey Group
Email:paul73@example.com
",4Y7M9d-814,07-Mar-99,577.38,Bailey Group
Template5_Instance169.jpg,"Date: 30-Sep-2011
INVOICE ID INV/25-98/228

 

 

 

 

 

 

 

PO Number :01

Bill to:Martha Cruz

287 Booth Island

Sheryifurt, CO 75672 US

Tel:4(971)595-7878

Email:debraperkins@oxample.net

Site:https:i/martinez.com/
ay fo Description Unitpriee [Amount
a ce 29.18 29.18
400 | 819861 | Trouble pote 6157 206-28
200___| 270232 | Wony ot. 3120 62.40

 

 

 

 

 

 

‘SUB_TOTAL : 337.81 USD
TAXVAT (6.42%): 21.69 USD
BALANCE DUE : 346.46 USD
Total in words: three hundred and for-
ty-six point four six

Note:
This order is shipped through blue dart courier

Address:233 Foster Gardens
Johnburgh, ID 41900 US

Bailey Group
Email:paul73@example.com
",INV/25-98/228,30-Sep-11,346.46,Bailey Group
Template5_Instance175.jpg,"Date: 03-Jan-2008
INVOICE ID INV83522002

 

 

 

 

 

 

 

 

PO Number :29

Bill to:Theresa Vega

195498 Peter Dam Apt. 698

Victoriaton, NE 34892 US

Tol:+(727)108-1625

Email:duncanjacob@example.com

Site:https://www.cunningham.com!
ty 10 Description Unitprice | Amount
3.00 1356205 | Author so, 0623) 198.69)
4.00 ee 36.23 14a 2
6.00 703542 | Airgatru. e187, 370.02
5.00 450752 | Mrsito 405; 470.25

 

 

 

 

 

 

‘SUB_TOTAL : 1183.88 EUR
TAX:VAT (5.46%): 64.59 EUR
BALANCE DUE : 1203.25 EUR

Total in words: one thousand, two hundred-
and three point two five

Note: All payments to be made in cash.
Contact us for queries on these quotations.

 

Address:233 Foster Gardens
Johnburgh, ID 41900 US

Bailey Group
Email:paul73@example.com
",INV83522002,03-Jan-08,1203.25,Bailey Group
Template5_Instance176.jpg,"Invoice Date: 08-Nov-2015
INVOICE ID INV66743746
PO Number :66

 

Buyer :Ms. Monica Garcia
945 Reed Plains

Huangfurt, AK 69480 US
Tol:+(088)041-3480
Email:dean57@example.com
Site:https:/iwww.pittman-clark.info!

 

 

ay 0 Description Unitprice | Amount

 

100) 441366 | Drop seven 6158 6158

 

 

 

 

 

 

 

5.00 511422 __| Among artist. 3879 443.95

 

‘SUB_TOTAL : 505.53 EUR
TAX:VAT (4.95%): 25.04 EUR
BALANCE DUE : 515.15 EUR
Total in words: five hundred and fi-
fteen point one five

Note:Total payment due in 14 days.

Address:233 Foster Gardens

Johnburgh, ID 41900 US

Bailey Group
Email:paul73@example.com
",INV66743746,08-Nov-15,515.15,Bailey Group
Template5_Instance182.jpg,"Date: 26-Oct-2013
Invoice number 9994-274

 

 

 

 

 

 

 

 

PO Number :49

Buyer Julia Walters

24930 Brittney Light

Petersonport, MA 05662 US

Tel:+(957)107-4258

Email:browndonna@example.org

Site:https:/www.oneal.org!
ay [0 Description Unitpriee [Amount
6.00 | 670085 | ive adress want 73:17 43902
500 [671775 | Maybe toner. 5258 253.15
400 [914164 | auicny since tow ease 338.08
2.00] 056857 | Resuce whatiw. 96.00 19200

 

 

 

 

 

 

‘SUB_TOTAL : 1232.25 USD
TAX:VAT (5.76%): 70.98 USD
BALANCE DUE : 1244.45 USD

Total in words: one thousand, two hundred an-
d forty-four point four five

‘Thank you for choosing us!

Address:233 Foster Gardens
Johnburgh, ID 41900 US

Bailey Group
Email:paul73@example.com
",9994-274,26-Oct-13,1244.45,Bailey Group
Template5_Instance177.jpg,"Date: 16-Jun-1996
INVOICE # INV85996808,

 

 

 

 

 

 

 

PO Number :17

Bill to:Ryan Rodriguez

0111 Stanley Mountain

New Jeanne, Mi 57219 US

Tel:+(625)649-877

Email:canderson@example.com

Sitezhttpsil/www.watson. biz!
ty 10 Description Unitprice | Amount
4.00 301559, Investment claim model a2 336.98
2.00 952967 | Late agency. 27.15 17430
3.00 056913 | Good solder ess, 746, 202.38
3.00 1569909 | Walk man natural 38.63 115.89)

 

 

 

 

 

 

‘SUB_TOTAL : 829.53 $
TAX:VAT (3.11%): 25.82 $
BALANCE DUE : 834.36 $

Total in words: eight hundred and
ty-four point three six

   

Note:
This order is shipped through blue dart courier

Address:233 Foster Gardens
Johnburgh, ID 41900 US

Bailey Group
Email:paul73@example.com
",INV85996808,16-Jun-96,834.36,Bailey Group
Template5_Instance172.jpg,"Date: 04-Sep-2019
INVOICE ID 9434-310

 

 

 

 

 

 

 

 

PO Number :25

Buyer :Lee Mckenzie

83310 Nicole Landing Apt. 714

North Brandonside, TN 04017 US

Tel:+(164)291-9620

Email:cynthia46@example.net

Site:http:/www.garrett.org!
ay 10 Description Unitprice | Amount
6.00 768501 | Real then, 387, 265.22
5.00 (050075 __| Than just. 750 337.50
4.00 928185 | Foot one defense, Bt75, 327.00
2.00 043759 __| Strategy table 27 136.54
2.00 362770 | Card 7756 155.12

 

 

 

 

 

 

SUB_TOTAL : 1219.38 §
TAX:VAT (5.29%): 64.45 $
BALANCE DUE : 1266.64 $

Total in words: one thousand, two hundred a-
nd sixty-six point six four

Note:Total payment due in 14 days.

Address:233 Foster Gardens
Johnburgh, ID 41900 US

Bailey Group
Email:paul73@example.com
",9434-310,04-Sep-19,1266.64,Bailey Group
Template5_Instance170.jpg," 

Bill to:Eddie Oneal

383 Bailey Mission

Port Eddie, MP 30408 US
Tel:4(372)530-0386
Email:alison53@example.net
Site:https:i/roman.com/

 

Date: 12-Jan-1998
INVOICE # 1Y1M9d-452

PO Number :99

 

 

 

 

ary © Description Unitprice | Amount
6.00 270869 | Paper tie. 9053) 543.18
4.00 237688 __| Player beaut ber 16.96 e784
2.00 052645 | Media diferent 34.0% 802

 

 

 

 

 

 

‘SUB_TOTAL : 679.04 EUR
TAX:VAT (5.32%): 36.13 EUR
BALANCE DUE : 706.95 EUR

Total in words: seven hundred and -
‘six point nine five

‘Thank you for your business!

Bailey Group

Address:233 Foster Gardens

Johnburgh, ID 41900

us

Email:paul73@example.com
",1Y1M9d-452,12-Jan-98,706.95,Bailey Group
Template5_Instance171.jpg,"Invoice Date: 30-Jun-2018
Invoice number INV33276270
PO Number :71

 

Bill to:Jessica George
2538 Bird Valleys

North Kara, MH 90233 US
Tel:+(641)858-0301
Email:reginaharrison@example.org
Sitezhttp:/lwww.haynes-hoover.net!

   

 

 

 

 

 

 

 

‘ay 0 Description Unitprice | Amount
6.00 101307 | Reason professor huge 37.62 52572
3.00 777438 | Themselves. 9858 205.74

 

 

 

SUB_TOTAL : 821.46 EUR
TAXVAT (4.72%): 38.77 EUR
BALANCE DUE : 848.89 EUR

Total in words: eight hundred and forty-
-eight point eight nine

‘Thank you for choosing us!

Address:233 Foster Gardens

Johnburgh, ID 41900 US

Bailey Group
Email:paul73@example.com
",INV33276270,30-Jun-18,848.89,Bailey Group
Template5_Instance173.jpg,"Invoice Date: 30-Dec-1993
Invoice number INVI04-04/509
PO Number :50

 

Buyer :Elaine Perry
188 Michael Ways

East Davidbury, KS 28017 US
Tel:(478)061-5003
Email;effreyvincent@oxamp
Site:http:/iwww.hall.com!

 

 

 

 

 

 

ay © Description Unitprice | Amount
5.00 385457 | Grow Congress. 6.89 34.45
6.00 034908 | Abit 5.55 33.30

 

 

 

 

 

‘SUB_TOTAL : 67.75 USD
TAX:VAT (3.8%): 2.42 USD
BALANCE DUE : 69.07 USD

Total in words: sixty-nine po-
int zero seven

Note: All payments to be made in cash.
Contact us for queries on these quotations.

 

Address:233 Foster Gardens
Johnburgh, ID 41900 US

Bailey Group
Email:paul73@example.com
",INVI04-04/509,30-Dec-93,69.07,Bailey Group
Template5_Instance178.jpg," 

Date: 11-Nov-2022
Invoice number 1017-737

 

 

 

 

 

 

PO Number :09

Bill to:Michael Parker

144 John Fords Apt. 614

Port Linda, MA 17796 US

Tel:+(868)715-8794

Email:patrick22@example.com

Site:https://perry.com!
ty 10 Description Unitprice | Amount
3.00 048421 | Join PM. 70.982 21276
3.00 727658 | Nature bag. 6090) 182.70
6.00 374519 | Around individual remain 38.80 232.80
4.00 1468767 | Siuation hat 93:10 372.40

 

 

 

 

 

 

‘SUB_TOTAL : 1000.66 EUR
TAX:VAT (6.20%): 42.01 EUR
BALANCE DUE : 1029.86 EUR

Total in words: one thousand and twent-
y-nine point eight six

‘Thank you for choosing us!

Address:233 Foster Gardens
Johnburgh, ID 41900 US

Bailey Group
Email:paul73@example.com
",1017-737,11-Nov-22,1029.86,Bailey Group
Template5_Instance199.jpg,"Invoice Date: 18-Aug-2013
INVOICE # INVO5314713,
PO Number :42

 

Bill to:Jody Anderson

34996 Carter Brooks

Septecettans Cr asst
(709)477-9504

 

Email
Site:https://www.williams.biz/

 

 

 

 

 

 

 

 

 

 

 

 

 

ty 10 Description Unitprice | Amount
4.00 925918 | Late food font 68.65 274.64
6.00 350496 | High guess. 2635) 518.10
1100) 404406 | Act eat feo unit 4085) 4065;
1100) 1325839 Altack network 2979) 2979)
6.00 384355 | Shake forward computer. 50.54 308.28

 

‘SUB_TOTAL : 1166.42 USD
TAXVAT (6.14%): 71.63 USD
BALANCE DUE : 1183.93 USD

Total in words: one thousand, one hundred and-
ighty-three point nine three

 

‘Thank you for your business!

Address:233 Foster Gardens
Johnburgh, ID 41900 US

Bailey Group
Email:paul73@example.com
",INVO5314713,18-Aug-13,1183.93,Bailey Group
Template5_Instance194.jpg,"Invoice Date: 05-Apr-2008
INVOICE ID INV/97-41/597

 

 

 

 

 

 

 

PO Number :56

Bill to:Terry Martin

2453 David Road Apt. 391

Tuckerland, MT 15539 US.

Tel:+(153)687-0605

Email:thomashaney@example.org

Site:http:/www.myers.com!
ay © Description Unitprice | Amount
4.00 92014 | Maybe gun 7388 295.52
5.00 395770__| Thus loss. 320 16.00
100) os0241 | Per 3495) 3495)

 

 

 

 

 

 

‘SUB_TOTAL : 406.47 USD
TAX:VAT (5.64%): 22.94 USD
BALANCE DUE : 417.70 USD

Total in words: four hundred and se-
venteen point seven

‘Thank you for choosing us!

Address:233 Foster Gardens
Johnburgh, ID 41900 US

Bailey Group
Email:paul73@example.com
",INV/97-41/597,05-Apr-08,417.7,Bailey Group
Template5_Instance188.jpg,"Date: 09-Feb-2019
INVOICE ID INV/35-06/980

 

 

 

 

 

 

 

 

PO Number :04

Buyer :Michelle Keith

‘945 Dalton Key Suite 131

Lake Monicaview, MH 60367 US

Tel:+(363)067-7353,

Email:ashleytucker@example.net

Site:https://wells.com!
ty 10 Description Unitprice | Amount
4.00 142213 __| Enough under modern number. 107, 364.28
6.00 85608 | Structure 72.29 439.74
2.00 (677920__| Above each loss oss, 33.01 6502
1100) 1951922 | Design thought throughout 52.05 52.05
2.00 7246732___| Republican responsibilty. 9250 185.00,

 

 

 

 

 

 

‘SUB_TOTAL : 1101.09 §
TAX:VAT (4.85%): 53.37 $
BALANCE DUE : 1133.87 $

Total in words: one thousand, one hundred and -
thirty-three point eight seven

Note:Total payment due in 14 days.

Address:233 Foster Gardens

Johnburgh, ID 41900 US

Bailey Group
Email:paul73@example.com
",INV/35-06/980,09-Feb-19,1133.87,Bailey Group
Template5_Instance185.jpg,"Date: 18-Mar-2003

Invoice number INV/19-90/000
PO Number :80

 

Buyer Michelle Rivera
2265 Taylor Burgs Apt. 715
‘South Ronaldville, MA 39390 US
Tel:+(572)065-8468
Email:gomezrobin@example.com
Site:https://smith-rogers.com!

 

 

 

 

 

 

ty 10 Description Unitprice | Amount
2.00 672351__| Focus situation wath 0.34 0.68
2.00 7213353, | Suggest certainly person 17.05 34.10
5.00 368156 | Example atime. 1.42 57.10
2.00 1578037 | Information notice focus. 51.38 10272

 

 

 

 

 

 

‘SUB_TOTAL : 194.60 USD
TAX:VAT (5.38%): 10.47 USD
BALANCE DUE : 196.45 USD

Total in words: one hundred and ni
y-six point four five

 

Note:
This order is shipped through blue dart courier

Address:233 Foster Gardens
Johnburgh, ID 41900 US

Bailey Group
Email:paul73@example.com
",INV/19-90/000,18-Mar-03,196.45,Bailey Group
Template5_Instance197.jpg,"Date: 25-Sep-2006
Invoice number INV/49-50/158
PO Number :63

 

Buyer :Timothy Taylor
31027 Thompson Green Suite 990
‘Thomasburgh, NJ 86251 US
Tel:+(262)395-3790
Email:dan58@example.net
Site:http:Jhodge.com!

 

 

 

 

 

 

 

 

ay © Description Unitprice | Amount
100) 203907 _| Sate. 14.59 14.59
2.00 1536607 __| Rather imagine 10.80 2180

 

 

 

SUB_TOTAL : 36.19 EUR
TAX:VAT (3.06%): 1.11 EUR
BALANCE DUE : 36.61 EUR

Total in words: thirty-six p-
int six one

Note:Total payment due in 14 days.

Address:233 Foster Gardens

Johnburgh, ID 41900 US

Bailey Group
Email:paul73@example.com
",INV/49-50/158,25-Sep-06,36.61,Bailey Group
Template5_Instance184.jpg,"Date: 16-Mar-1993
INVOICE # INV/69-48/655

 

 

 

 

 

 

 

PO Number :09

Buyer :Denise James

19058 Todd Summit

Bradfordside, CA 75873 US

Tel:+(990)205-5522

Email:erika23@example.com

Site:https://www.hudson.net
ty 10 Description Unitprice | Amount
2.00 1600829,__| Hot admit ofc 78.55 157.10)
2.00 310160___| Manager bud themselves. 547 17094
5.00 923870__| Major. 3327 166.35
3.00 o11018 | List beaut TV, or ost

 

 

 

 

 

 

‘SUB_TOTAL : 494.90 $
TAXVAT (5.49%): 27.17 $
BALANCE DUE : 501.58 $

Total in words: five hundred and o-
ne point five eight

Note:Total payment due in 14 days.

Address:233 Foster Gardens
Johnburgh, ID 41900 US

Bailey Group
Email:paul73@example.com
",INV/69-48/655,16-Mar-93,501.58,Bailey Group
